Page,Lat_deg,Long_deg,Date_UT,Age_hrs,Lag_min,ARCV_deg,ARCL_deg,DAZ_deg,Means,raw_ocr_line,target_detectability,target_naked_eye,source_table,pred_twostep_stage1,pdet_twostep,stage1_match,stage1_mismatch
5,23.55,46.39,1988/03/19,37.05,93.0,20.34,20.49,02.55,N,23°55 46°39 1988/03/19 37°05 93 20°34 20°49 02°55 N,1,1.0,positive,1,0.9828648821442578,1,0
5,19.52,42.22,1988/04/17,27.49,65.0,14.15,14.83,04.49,T,19°52 42°22 1988/04/17 27°49 65 14°15 14°83 0449 T,1,0.0,positive,1,0.8187144827622485,1,0
5,23.56,46.93,1988/04/17,27.28,68.0,14.34,14.7,03.27,T,23°56 46°93 1988/04/17 27°28 68 14°34 14°70 03:27 T,1,0.0,positive,1,0.8227505886096829,1,0
5,28.4,36.73,1989/03/08,21.31,56.0,11.9,11.97,OI-II,T,28°40 36°73 1989/03/08 21°31 56 II‘90 I1‘97 OI-‘II T,1,0.0,positive,1,0.6097511597258228,1,0
5,28.4,36.73,1990/02/26,30.61,77.0,16.36,16.41,01.33,N,28:40 36°73 1990/02/26 30°61 77 16°36 16°41 01°33 N,1,1.0,positive,1,0.9121967615806373,1,0
5,26.45,36.38,1990/03/27,20.01,51.0,10.99,11.67,03.95,T,26°45 36°38 1990/03/27 20°01 51 10°99 I1‘67 03°95 T,1,0.0,positive,1,0.5408305963560481,1,0
5,28.4,36.73,1990/04/26,35.62,107.0,20.88,20.91,01.12,N,28°40 36°73 1990/04/26 35°62 107 20°88 20°91 OI-12 N,1,1.0,positive,1,0.9861875352201399,1,0
5,26.45,36.38,1990/06/23,21.6,55.0,10.94,11.84,04.54,T,26°45 36°38 1990/06/23 21°60 55 10°94 11°84 04°54 T,1,0.0,positive,1,0.5458760293855934,1,0
5,28.4,36.73,1991/04/15,20.35,54.0,11102.0,11.53,03.41,T,28°40 36°73 1991/04/15 20°35 54 I1I‘02 11°53 03°41 T,1,0.0,positive,1,1.0,1,0
5,28.4,36.73,1992/03/05,26.02,56.0,11.9,12.49,03.82,N,28:40 36°73 1992/03/05 26:02 56 II‘90 12°49 03°82 N,1,1.0,positive,1,0.6308852693983344,1,0
5,28.4,36.73,1992/06/02,36.01,89.0,17.62,19.57,08.65,N,28°40 36°73 1992/06/02 36°01 89 17°62 19°57 08°65 N,1,1.0,positive,1,0.961212460240991,1,0
5,26.45,36.38,1992/07/01,20.94,55.0,11.42,15.9,01.14,N,26°45 36°38 1992/07/01 20°94 55 11°42 15°90 OI°I4 N,1,1.0,positive,1,0.7318908066404385,1,0
5,21.42,39.83,1993/12/14,29.23,72.0,14.71,15.31,04.28,N,21°42 39°83 1993/12/14 29°23 72 14°71 15°31 04°28 N,1,1.0,positive,1,0.8501670703407964,1,0
5,28.4,36.73,1993/01/23,20.64,46.0,9.45,9.53,0r-23.,COT,28°40 36°73 1993/01/23 20°64 46 09°45 09°53 or-23. COT,1,0.0,positive,0,0.35588277667144386,0,1
5,28.4,36.73,1993/02/22,26.39,55.0,11.62,12.12,03.46,T,28°40 36°73 1993/02/22 26°39 55 11°62 I2°I2 03°46 T,1,0.0,positive,1,0.5990727743916442,1,0
5,21.42,39.83,1993/12/14,29.23,72.0,14.71,15.31,04.28,N,21°42 39°83 1993/12/14 29°23 72 14°71 15°31 04°28 N,1,1.0,positive,1,0.8501670703407964,1,0
5,24.6,46.45,1998/10/21,28.22,53.0,11.46,12.86,05.87,N,24°60 46°45 1998/10/21 28°22 53 11°46 12°86 05°87 N,1,1.0,positive,1,0.6195834725317438,1,0
5,27.52,41.7,1998/12/20,40.2,89.0,16.95,18.35,07.13,N,27°52 41°70 1998/12/20 40°20 89 16°95 18°35 07°13 N,1,1.0,positive,1,0.9444208266642634,1,0
5,26.35,43.95,1999/01/18,22.83,52.0,10.44,10.65,02.13,T,26°35 43°95 1999/01/18 22°83 52 10°44 10°65 02°13 T,1,0.0,positive,0,0.4629682229195702,0,1
5,24.6,46.5,1999/03/18,20.27,48.0,10.54,11.3,04.11,T,24°60 46°50 1999/03/18 20°27 48 10°54 II°30 O4'II T,1,0.0,positive,0,0.4963102249004632,0,1
5,26.35,43.95,1999/10/10,27.12,53.0,11.41,13.15,06.58,N,26°35 43°95 1999/10/10 27°12 53 II°41 13°15 06°58 N,1,1.0,positive,1,0.6284068990120872,1,0
5,24.6,46.45,2000/03/07,34.01,74.0,16.12,17.0,05.26,N,24:60 46°45 2000/03/07 34°01 74 16°12 17:00 05°26 N,1,1.0,positive,1,0.9153106321291724,1,0
5,27.52,41.7,2000/12/26,21.08,40.0,7.69,8.86,04.40,T,27°52 41°70 2000/12/26 21:08 40 07°69 08°86 04°40 T,1,0.0,positive,0,0.24009710215011495,0,1
5,21.42,39.83,2001/01/25,25.99,49.0,10.31,11.23,04.46,T,21°42 39°83 2001/01/25 25°99 49 10°31 11°23 04°46 T,1,0.0,positive,0,0.47920467447604737,0,1
5,24.6,46.45,2001/01/25,25.46,48.0,9.8,11.02,05.05,T,24°60 46°45 2001/01/25 25°46 48 09°80 II°02 05°05 T,1,0.0,positive,0,0.43849431089707575,0,1
5,28.4,36.73,2001/02/24,31.14,62.0,12.77,14.31,06.53,N,28°40 36°73 2001/02/24 31°14 62 12°77 14°31 06°53 N,1,1.0,positive,1,0.7449478280013717,1,0
5,28.4,36.73,2001/04/24,24.64,52.0,10.81,12.42,06.14,N,28:40 36°73 2001/04/24 24°64 52 10°81 12°42 06-14 N,1,1.0,positive,1,0.5619774199055562,1,0
5,21.42,39.83,2001/04/24,24.29,51.0,111.31,12.21,04.62,N,21°42 39°83 2001/04/24 24°29 51 I1I°31 12°21 04°62 N,1,1.0,positive,1,0.9999999999889313,1,0
5,21.42,39.83,2001/06/22,28.13,67.0,14.09,15.21,05.78,N,21°42 39°83 2001/06/22 28°13 67 14°09 15°21 05°78 N,1,1.0,positive,1,0.8263582163005331,1,0
5,27.52,41.7,2001/11/16,31.68,64.0,12.39,16.21,10.53,N,27°52 41°70 2001/11/16 31°68 64 12°39 16°21 10°53 N,1,1.0,positive,1,0.7869965024312173,1,0
5,24.6,46.45,2002/01/14,24.96,48.0,9.53,11.51,06.49,N,24°60 46°45 2002/01/14 24°96 48 09°53 II°51 06°49 N,1,1.0,positive,0,0.4427751418794436,0,1
5,27.52,41.7,2002/02/13,31.37,61.0,12.52,14.34,07.06,N,27°52 41°70 2002/02/13 31°37 61 12°52 14°34 07°06 N,1,1.0,positive,1,0.7337901938717716,1,0
5,26.35,43.95,2002/10/07,27.45,57.0,12.26,16.0,10.36,N,26°35 43°95 2002/10/07 27°45 57 12°26 16-00 10°36 N,1,1.0,positive,1,0.7742199982026092,1,0
5,27.52,41.7,2002/11/05,17.88,36.0,7.41,9.9,06.58,T,27°52 41°70 2002/11/05 17°88 36 07°41 09:90 06°58 T,1,0.0,positive,0,0.2600365655869922,0,1
5,26.35,43.95,2003/02/02,28.16,59.0,11.85,14.08,07.66,N,26°35 43°95 2003/02/02 28-16 59 11°85 14°08 07°66 N,1,1.0,positive,1,0.6900982362162317,1,0
5,27.52,41.7,2003/02/02,28.13,59.0,11.74,14.14,07.94,N,27°52 41°70 2003/02/02 28-13 59 11°74 14°14 07°94 N,1,1.0,positive,1,0.6864457891872451,1,0
5,21.42,39.83,2003/02/02,28.17,60.0,12.86,14.22,06.50,N,21°42 39°83 2003/02/02 28°17 60 12°86 14°22 06°50 N,1,1.0,positive,1,0.745924785241081,1,0
5,28.4,36.7,2003/02/02,28.16,60.0,11.76,14.29,08.19,N,28°40 36°70 2003/02/02 28-16 60 11°76 14°29 08-19 N,1,1.0,positive,1,0.693233959488555,1,0
5,24.6,46.45,2003/02/02,28.13,59.0,12.03,14.01,07.23,N,24:60 46°45 2003/02/02 28°13 59 12°03 I4‘OI 07°23 N,1,1.0,positive,1,0.6970521408465167,1,0
5,28.4,36.73,2003/08/28,22.55,49.0,10.52,12.36,06.52,T,28°40 36°73 2003/08/28 22°55 49 10°52 12°36 06°52 T,1,0.0,positive,1,0.5409268361890593,1,0
5,27.52,41.7,2003/09/27,35.93,65.0,13.79,20.04,14.68,N,27°52 41°70 2003/09/27 35°93 65 13°79 20°04 14°68 N,1,1.0,positive,1,0.9102984408214739,1,0
5,21.42,39.83,2003/09/27,36.06,68.0,15.3,20.3,13.12,N,21°42 39°83 2003/09/27 36°06 68 15°30 20°30 13°12 N,1,1.0,positive,1,0.9393792964777454,1,0
5,26.35,43.95,2003/09/27,35.78,65.0,14.04,19.94,14.31,N,26°35 43°95 2003/09/27 35°78 65 14:04 19°94 14°31 N,1,1.0,positive,1,0.913903058706971,1,0
5,28.4,36.73,2003/09/27,36.26,65.0,13.67,20.23,15.07,N,28:40 36°73 2003/09/27 36°26 65 13°67 20°23 15'O7 N,1,1.0,positive,1,0.910536986652855,1,0
5,27.52,41.7,2003/10/26,25.74,46.0,9.39,14.55,11.17,T,27°52 41°70 2003/10/26 25°74 46 09°39 14°55 II-17 T,1,0.0,positive,1,0.5641988279016198,1,0
5,28.4,36.73,2003/12/24,28.99,65.0,11.48,16.86,12.43,N,28°40 36°73 2003/12/24 28°99 65 11°48 16°86 12°43 N,1,1.0,positive,1,0.7673593537537062,1,0
5,21.42,39.83,2003/12/24,29.03,68.0,13.05,16.81,10.68,N,21°42 39°83 2003/12/24 29°03 68 13°05 16°81 10°68 N,1,1.0,positive,1,0.8289477505080484,1,0
5,26.35,43.95,2003/12/24,28.59,65.0,11.76,16.61,11.81,N,26°35 43°95 2003/12/24 28°59 65 11°76 16°61 11-81 N,1,1.0,positive,1,0.7720642790438709,1,0
5,24.6,46.45,2004/01/23,41.46,103.0,20.37,22.79,10.45,N,24°60 46°45 2004/01/23 41°46 103 20°37 22°79 10°45 N,1,1.0,positive,1,0.9885966246780081,1,0
5,27.52,41.7,2004/01/23,41.69,104.0,19.89,22.93,11.66,N,27°52 41°70 2004/01/23 41°69 104 19°89 22°93 11°66 N,1,1.0,positive,1,0.9874812055371742,1,0
5,26.35,43.95,2004/01/23,41.58,103.0,20.08,22.87,11.18,N,26°35 43°95 2004/01/23 41°58 103 20°08 22°87 II‘18 N,1,1.0,positive,1,0.9879194286248997,1,0
5,28.4,36.73,2004/01/23,42.0,105.0,19.85,23.1,12.06,N,28°40 36°73 2004/01/23 42:00 105 19°85 23°10 12°06 N,1,1.0,positive,1,0.9877290202678098,1,0
5,21.42,39.83,2004/05/20,35.04,75.0,15.35,15.35,00.08,)6-UN,21°42 39°83 2004/05/20 35°04 75 15°35 15°35 00:08 )=6— UN,1,1.0,positive,1,0.8704217740038537,1,0
6,24.6,46.45,2004/06/19,43.31,95.0,18.86,19.42,,04.73N,24:60 46°45 2004/06/19 43°31 95 18°86 19°42 04°73 N,1,1.0,positive,1,0.9706309612997731,1,0
6,27.52,41.7,2004/08/17,38.42,67.0,14.49,18.38,,11.43N,27°52 41°70 2004/08/17 38-42 67 14°49 18°38 11°43 N,1,1.0,positive,1,0.9008518916642287,1,0
6,28.4,36.73,2004/09/15,25.15,41.0,8.91,9.05,,01.56T,28-40 36°73 2004/09/15 25°15 4I 08-91 9°05 O1°56 T,1,0.0,positive,0,0.3068618222820589,0,1
6,21.42,39.83,2004/09/16,48.92,78.0,17.63,21.03,,11.66N,21°42 39°83 2004/09/16 48°92 78 17°63 21°03 11°66 N,1,1.0,positive,1,0.9693834691372218,1,0
6,28.4,36.73,2005/01/11,26.88,67.0,12.19,16.11,,10.61N,28°40 36°73 2005/01/II 26°88 67 I2‘19 16°11 10°61 N,1,1.0,positive,1,0.7759908405719366,1,0
6,24.54,39.63,2005/02/09,16.74,40.0,8.39,9.88,,05.22T,24°54 39°63 2005/02/09 16°74 40 8°39 09°88 05°22 T,1,0.0,positive,0,0.3096264407613693,0,1
6,21.42,39.83,2005/08/06,21.19,64.0,14.3,16.36,,08.03N,21°42 39°83 2005/08/06 21°19 64 14°30 16°36 08:03 N,1,1.0,positive,1,0.8591454749580277,1,0
6,24.6,46.45,2005/08/06,20.83,63.0,13.69,16.22,,08.79N,24:60 46°45 2005/08/06 20°83 63 13°69 16:22 08:79 N,1,1.0,positive,1,0.8363553499494144,1,0
6,26.35,43.95,2005/08/06,21.04,63.0,13.46,16.33,,09.33N,26°35 43°95 2005/08/06 21°04 63 13°46 16°33 09°33 N,1,1.0,positive,1,0.8310509683356445,1,0
6,24.54,39.63,2005/09/05,44.34,61.0,13.76,13.77,,0.40N,24°54 39°63 2005/09/05 44°34 61 13°76 13°77 0-40 N,1,1.0,positive,1,0.7728016417895203,1,0
6,26.35,43.95,2005/11/03,37.33,51.0,9.65,18.9,,16.33N,"26°35 43°95 2005/11/03 37°33 51 09°65 18-90 16°33, N",1,1.0,positive,1,0.7461206793320104,1,0
6,27.52,41.7,2005/11/03,37.45,50.0,9.34,18.98,,16.59N,27°52 41°70 2005/11/03 37°45 50 09°34 18°98 16:59 N,1,1.0,positive,1,0.7337663330788277,1,0
6,21.42,39.83,2006/01/01,48.59,89.0,17.09,20.33,,1119N,21°42 39°83 2006/o1/O1 48°59 89 17°09 20°33 II‘19 N,1,1.0,positive,1,0.9611846512862727,1,0
6,24.54,39.63,2006/01/01,48.5,88.0,16.34,20.31,,12.23N,24°54 39°63 2006/o1/O1 48°50 88 16°34 20°31 12°23 N,1,1.0,positive,1,0.9533967777781269,1,0
6,24.54,39.63,2006/02/28,14.88,36.0,7.91,8.11,,01.81T,24°54 39°63 2006/02/28 14°88 36 07°91 O8-II O1-81 T,1,0.0,positive,0,0.22613341464158343,0,1
6,28.4,36.73,2006/07/26,35.94,64.0,13.33,16.44,,09.70N,28°40 36°73 2006/07/26 35°94 64 13°33 16°44 09°70 N,1,1.0,positive,1,0.8292869026927208,1,0
6,26.35,43.95,2006/12/21,24.27,43.0,7.83,12.81,,10.17T,26°35 43°95 2006/12/21 24°27 43 07°83 12°81 10°17 T,1,0.0,positive,0,0.3934183439645669,0,1
6,27.52,41.7,2006/12/22,48.38,108.0,18.71,24.82,,16.62N,27°52 41°70 2006/12/22 48°38 108 18°71 24°82 16°62 N,1,1.0,positive,1,0.9879177970438445,1,0
6,21.42,39.83,2007/08/14,40.83,60.0,13.81,19.35,,13.69N,21°42 39°83 2007/08/14 40°83 60 13'81 19°35 13°69 N,1,1.0,positive,1,0.9001482295932965,1,0
6,28.4,36.73,2008/08/02,29.81,47.0,10.02,16.07,,12.63N,28-40 36°73 2008/08/02 29°81 A7 10:02 16:07 12°63 N,1,1.0,positive,1,0.6633449098599046,1,0
6,27.52,41.7,2008/12/29,50.43,102.0,19.0,21.89,,1109N,27°52 41°70 2008/12/29 50°43 102 19°00 21°89 II‘09 N,1,1.0,positive,1,0.9813883871738149,1,0
6,24.54,39.63,2009/01/27,31.14,65.0,13.56,13.64,,01.53N,24°54 39°63 2009/01/27 31°14 65 13°56 13°64 01°53 N,1,1.0,positive,1,0.7604993732879768,1,0
6,26.35,43.95,2009/01/27,30.8,65.0,13.34,13.49,,02.00N,26°35 43°95 2009/01/27 30°80 65 13°34 13°49 02:00 N,1,1.0,positive,1,0.7455031661172246,1,0
6,27.52,41.7,2009/01/27,30.92,66.0,13.35,13.55,,02.32N,27°52 41°70 2009/01/27 30°92 66 13°35 13°55 02°32 N,1,1.0,positive,1,0.7480945306697534,1,0
6,24.6,46.45,2009/07/23,37.14,66.0,14.62,21.36,,15.74N,24:60 46°45 2009/07/23 37°14 66 14°62 21°36 15°74 N,1,1.0,positive,1,0.9400578411059602,1,0
6,26.35,43.95,2009/07/23,37.36,65.0,14.18,21.51,,16.34N,26°35 43°95 2009/07/23 37°36 65 14°18 21°51 16°34 N,1,1.0,positive,1,0.9351162441073001,1,0
6,24.6,46.45,2009/08/21,29.36,36.0,8.18,14.67,,12.22T,24°60 46°45 2009/08/21 29°36 36 08-18 14°67 12°22 T,1,0.0,positive,0,0.4922911963272282,0,1
6,26.35,43.95,2009/10/19,32.99,35.0,6.99,17.47,,16.058T,26°35 43°95 2009/10/19 32°99 35 06:99 17°47 16-05 §8T,1,0.0,positive,1,0.5387663933406062,1,0
6,26.35,43.95,2009/11/18,42.85,70.0,12.74,20.57,,16.28N,26°35 43°95 2009/11/18 42°85 70 12°74 20°57 16°28 N,1,1.0,positive,1,0.8958284489345489,1,0
6,25.62,45.62,2009/11/18,42.88,70.0,12.92,20.52,,16.07N,25°62 45°62 2009/11/18 42°88 70 12°92 20°52 16°07 N,1,1.0,positive,1,0.899156083213594,1,0
6,25.62,45.62,2009/12/17,26.13,48.0,9.09,111.5,,07.07T,25°62 45°62 2009/12/17 26°13 48 09:09 I1I°50 07:07 T,1,0.0,positive,1,0.9999999550850158,1,0
6,25.25,45.25,2009/12/17,26.17,48.0,9.16,11.51,,07.01T,25°25 45°25 2009/12/17 26°17 48 09°16 II‘51 O7°OI T,1,0.0,positive,0,0.42018813222429785,0,1
6,28.4,36.73,2010/04/15,27.49,65.0,13.21,13.51,,02.85N,28°40 36°73 2010/04/15 27°49 65 13°21 13°51 02°85 N,1,1.0,positive,1,0.7399801603973264,1,0
6,24.54,39.63,2010/04/15,27.24,61.0,12.85,13.4,,03.84N,24°54 39°63 2010/04/15 27°24 61 12°85 13°40 03°84 N,1,1.0,positive,1,0.7178528676100995,1,0
6,24.54,39.63,2010/06/13,28.94,68.0,13.87,15.22,,06.34N,24°54 39°63 2010/06/13 28°94 68 13°87 15°22 06°34 N,1,1.0,positive,1,0.818743946175446,1,0
6,26.35,43.95,2010/06/13,28.72,67.0,13.53,15.11,,06.79N,26°35 43°95 2010/06/13 28°72 67 13°53 I5‘1I 06°79 N,1,1.0,positive,1,0.8027209956467742,1,0
6,28.4,36.73,2010/06/13,29.28,68.0,13.5,15.44,,07.55N,28-40 36°73 2010/06/13 29°28 68 13°50 15°44 07°55 N,1,1.0,positive,1,0.8105729833014448,1,0
6,25.25,45.25,2010/06/13,28.59,67.0,13.61,15.03,,06.44N,25°25 45°25 2010/06/13 28°59 67 13°61 15°03 06°44 N,1,1.0,positive,1,0.8036859300513572,1,0
6,28.4,36.73,2010/08/11,37.13,48.0,10.37,18.98,,15.99T,28°40 36°73 2010/08/11 37°13 48 10°37 18:98 15°99 T,1,0.0,positive,1,0.7804803347935706,1,0
6,26.37,49.82,2010/08/11,36.21,48.0,10.74,19.3,,16.13N,26°37 49°82 2010/08/II 36-21 48 10°74 19°30 16°13 N,1,1.0,positive,1,0.8046780340092555,1,0
6,24.39,39.63,2010/10/09,44.27,65.0,13.08,25.29,,21.83N,24°39 39°63 2010/10/09 44°27 65 13°08 25°29 21°83 N,1,1.0,positive,1,0.9546395871264975,1,0
6,24.6,46.45,2010/10/09,43.82,63.0,12.83,25.04,,21.69N,24:60 46°45 2010/10/09 43°82 63 12°83 25°04 21°69 N,1,1.0,positive,1,0.9497696379385127,1,0
6,26.35,43.95,2010/10/09,43.97,61.0,12.23,25.15,,22.14N,26°35 43°95 2010/10/09 43°97 61 12°23 25°15 22°14 N,1,1.0,positive,1,0.9430810520544737,1,0
6,25.25,45.25,2010/10/09,43.89,63.0,12.62,25.09,,21.87N,25°25 45°25 2010/10/09 43°89 63 12°62 25°09 21°87 N,1,1.0,positive,1,0.9476463566648975,1,0
6,26.37,49.82,2010/10/09,43.58,61.0,12.08,24.93,,21.98N,26°37 49°82 2010/10/09 43°58 61 12°08 24°93 21°98 N,1,1.0,positive,1,0.93890115102776,1,0
6,25.62,45.62,2010/10/09,43.86,62.0,12.47,25.08,,21.94N,25°62 45°62 2010/10/09 43°86 62 12°47 25°08 21°94 N,1,1.0,positive,1,0.9456299930854388,1,0
6,27.52,41.7,2010/11/07,33.57,53.0,10.06,18.09,,1511T,27°52 41°70 2010/11/07 33°57 53 10°06 18°09 I5‘1I T,1,0.0,positive,1,0.7392347544097222,1,0
6,21.42,39.83,2010/11/07,33.83,59.0,11.77,18.15,,13.92N,21°42 39°83 2010/11/07 33°83 59 11°77 18°15 13°92 N,1,1.0,positive,1,0.8150454636642096,1,0
6,24.39,39.63,2010/11/07,33.78,56.0,10.99,18.16,,14.55N,24°39 39°63 2010/11/07 33°78 56 10°99 18°16 14°55 N,1,1.0,positive,1,0.7838315281129091,1,0
6,24.6,46.45,2010/11/07,33.32,55.0,10.74,17.92,,14.44N,24°60 46°45 2010/11/07 33°32 55 10°74 17°92 14°44 N,1,1.0,positive,1,0.7655993826620348,1,0
6,25.25,45.25,2010/11/07,33.38,54.0,10.59,17.97,,14.59T,25°25 45°25 2010/11/07 33°38 54 10°59 17°97 14°59 T,1,0.0,positive,1,0.760252070989129,1,0
6,24.39,39.63,2010/12/06,20.51,40.0,7.87,10.2,,06.50T,24°39 39°63 2010/12/06 20°51 40 07°87 10°20 06°50 T,1,0.0,positive,0,0.29399380200455044,0,1
6,24.6,46.45,2010/12/06,20.05,39.0,7.64,9.97,,06.42T,24°60 46°45 2010/12/06 20°05 39 07°64 09°97 06°42 T,1,0.0,positive,0,0.2741098025579313,0,1
6,25.62,45.62,2010/12/06,20.07,39.0,7.52,9.99,,06.59T,25°62 45°62 2010/12/06 20:07 39 07°52 09:99 06°59 T,1,0.0,positive,0,0.26888509521078025,0,1
6,24.39,39.63,2011/01/05,29.28,67.0,13.5,13.75,,02.67N,24°39 39°63 2011/01/05 29°28 67 13°50 13°75 02°67 N,1,1.0,positive,1,0.7615488643649677,1,0
6,24.6,46.45,2011/01/05,29.82,66.0,13.27,13.54,,02.68N,24°60 46°45 2011/01/05 29°82 66 13°27 13°54 02°68 N,1,1.0,positive,1,0.743994972916701,1,0
6,24.39,39.63,2011/04/04,24.8,50.0,10.7,11.43,,04.04T,24°39 39°63 2011/04/04 24°80 50 10:70 11°43 04:04 T,1,0.0,positive,1,0.5123030259428766,1,0
6,21.42,39.83,2011/05/04,32.74,70.0,14.74,14.76,,00.79N,21°42 39°83 2011/05/04 32°74 70 14°74 14°76 00°79 N,1,1.0,positive,1,0.8384488530068106,1,0
7,27.52,41.7,2011/05/04,32.76,74.0,14.74,14.77,01-.000,N,27°52 41°70 2011/05/04 32°76 74 14°74 14°77 OI-°00O N,1,1.0,positive,1,0.839147179787986,1,0
7,21.42,39.83,2011/07/02,31.46,56.0,12.1,15.96,10.48,N,21°42 39°83 2011/07/02 31°46 56 12-10 15°96 10°48 N,1,1.0,positive,1,0.7657930617479836,1,0
7,24.39,39.63,2011/07/02,31.57,54.0,11.53,16.05,11.24,N,24°39 39°63 2011/07/02 31°57 54 11°53 16°05 II-24 N,1,1.0,positive,1,0.7420491121699518,1,0
7,24.6,46.45,2011/07/02,31.12,53.0,11.3,15.82,11.14,N,24°60 46°45 2011/07/02 31°12 53 11°30 15°82 II‘I4 N,1,1.0,positive,1,0.7228898054960018,1,0
7,28.4,36.73,2011/07/02,31.91,52.0,10.76,16.28,12.29,T,28°40 36°73 2011/07/02 31°91 52 10°76 16°28 12°29 T,1,0.0,positive,1,0.7115591095027056,1,0
7,25.62,45.62,2011/07/02,31.22,53.0,11.12,15.88,11.41,N,25°62 45°62 2011/07/02 31°22 53 II-12 15°88 II-41 N,1,1.0,positive,1,0.7159367067532121,1,0
7,26.37,49.82,2011/08/30,35.99,41.0,9.07,9.22,01.70,T,26°37 49°82 2011/08/30 35°99 4I 09:07 09:22 01-70 T,1,0.0,positive,0,0.32176642610498424,0,1
7,24.6,46.45,2011/09/28,27.6,32.0,6.98,16.55,15.04,T,24°60 46°45 2011/09/28 27°60 32 06°98 16°55 15°04 T,1,0.0,positive,0,0.49788019219415014,0,1
7,21.42,39.83,2011/10/28,48.86,84.0,16.9,24.63,18.19,N,21°42 39°83 2011/10/28 48°86 84 16:90 24°63 18-19 N,1,1.0,positive,1,0.980158247266944,1,0
7,24.39,39.63,2011/10/28,48.82,82.0,15.9,24.64,19.07,N,24°39 39°63 2011/10/28 48°82 82 15°90 24°64 19°07 N,1,1.0,positive,1,0.974692682232566,1,0
7,24.6,46.45,2011/10/28,48.36,80.0,15.63,24.38,18.95,N,24°60 46°45 2011/10/28 48°36 80 15°63 24°38 18°95 N,1,1.0,positive,1,0.9717287216765853,1,0
7,28.4,36.73,2011/10/28,48.94,78.0,14.56,24.75,20.24,N,28-40 36°73 2011/10/28 48:94 78 14°56 24°75 20°24 N,1,1.0,positive,1,0.965545206303984,1,0
7,25.25,45.25,2011/10/28,48.43,80.0,15.44,24.42,19.16,N,25°25 45°25 2011/10/28 48°43 80 15°44 24°42 19°16 N,1,1.0,positive,1,0.9705977937389711,1,0
7,25.62,45.62,2011/10/28,48.4,79.0,15.3,24.41,19.25,N,25°62 45°62 2011/10/28 48°40 79 15°30 24°41 19°25 N,1,1.0,positive,1,0.9695105410526806,1,0
7,26.37,49.82,2011/10/28,48.1,78.0,14.93,24.25,19.34,N,26°37 49°82 2011/10/28 48-10 78 14°93 24°25 19°34 N,1,1.0,positive,1,0.9657375103491784,1,0
7,24.6,46.45,2011/11/26,31.92,73.0,4.12,17.56,10.55,N,24°60 46°45 2011/11/26 31°92 73 4°12 17°56 10°55 N,1,1.0,positive,0,0.37501165282506554,0,1
7,28.4,36.73,2011/11/26,32.45,74.0,13.57,17.9,11.78,N,28°40 36°73 2011/11/26 32°45 74 13°57 17°90 11°78 N,1,1.0,positive,1,0.8699940263774135,1,0
7,25.25,45.25,2011/11/26,31.98,73.0,14.02,17.6,10.75,N,25°25 45°25 2011/11/26 31:98 73 14°02 17°60 10°75 N,1,1.0,positive,1,0.8765626031483422,1,0
7,25.62,45.62,2011/11/26,31.95,73.0,13.93,17.59,10.84,N,25°62 45°62 2011/11/26 31°95 73 13°93 17°59 10°84 N,1,1.0,positive,1,0.8739282086823479,1,0
7,24.39,39.63,2011/12/25,20.57,52.0,10.49,10.73,02.29,T,24°39 39°63 2011/12/25 20°57 52 10°49 10°73 02°29 T,1,0.0,positive,0,0.4695014216951528,0,1
7,24.6,46.45,2011/12/25,20.1,51.0,10.24,10.48,02.25,T,24°60 46°45 2011/12/25 20°10 51 10°24 10°48 02°25 T,1,0.0,positive,0,0.443151720878051,0,1
7,26.35,43.95,2011/12/25,20.21,52.0,10.21,10.55,02.65,T,26°35 43°95 2011/12/25 20°21 52 10°21 10°55 02°65 T,1,0.0,positive,0,0.44450301800268405,0,1
7,28.4,36.73,2011/12/25,20.61,54.0,10.3,10.77,03.18,T,28°40 36°73 2011/12/25 20°61 54 10°30 10°77 03°18 T,1,0.0,positive,0,0.45988279504528756,0,1
7,25.25,45.25,2011/12/25,20.16,51.0,10.24,10.52,02.40,T,25°25 45°25 2011/12/25 20°16 51 10:24 10°52 02°40 T,1,0.0,positive,0,0.44485603609132746,0,1
7,25.62,45.62,2011/12/25,20.12,51.0,10.21,10.5,02.48,T,25°62 45°62 2011/12/25 20°12 51 10°21 10°50 02°48 T,1,0.0,positive,0,0.4421611292043157,0,1
7,21.42,39.83,2012/01/24,31.43,72.0,15.8,15.97,02.33,N,21°42 39°83 2012/01/24 31°43 72 15°80 15°97 02°33 N,1,1.0,positive,1,0.8929400642920428,1,0
7,24.6,46.45,2012/01/24,30.9,74.0,15.64,15.7,01.36,N,24°60 46°45 2012/01/24 30°90 74 15°64 15°70 01:36 N,1,1.0,positive,1,0.8845686659649331,1,0
7,25.25,45.25,2012/01/24,30.96,74.0,15.69,15.73,01.15,N,25°25 45°25 2012/01/24 30°96 74 15°69 15°73 OI‘15 N,1,1.0,positive,1,0.8863559451450601,1,0
7,25.62,45.62,2012/01/24,30.93,75.0,15.68,15.72,01.04,N,25°62 45°62 2012/01/24 30°93 75 15°68 15°72 O1:04 N,1,1.0,positive,1,0.8860175246656965,1,0
7,24.39,39.63,2012/04/22,32.47,66.0,13.9,13.9,00.26,N,24°39 39°63 2012/04/22 32°47 66 13°90 13°90 00°26 N,1,1.0,positive,1,0.783432259548494,1,0
7,21.42,39.83,2012/07/20,35.68,48.0,10.74,17.87,14.36,N,21°42 39°83 2012/07/20 35°68 48 10°74 17°87 14°36 N,1,1.0,positive,1,0.7629605993425967,1,0
7,24.6,46.45,2012/07/20,35.33,44.0,9.74,17.74,14.990,N,24°60 46°45 2012/07/20 35°33 44 09°74 17°74 14°990 N,1,1.0,positive,1,0.7097561981523118,1,0
7,24.39,39.63,2012/07/20,35.78,45.0,9.96,17.95,150r,N,24°39 39°63 2012/07/20 35°78 45 09°96 17°95 I5or N,1,1.0,positive,1,0.7283097802717377,1,0
7,26.35,43.95,2012/07/20,35.56,43.0,9.32,17.87,15.31,T,26°35 43°95 2012/07/20 35°56 43 09°32 17°87 15°31 T,1,0.0,positive,1,0.6923733854810901,1,0
7,25.62,45.62,2012/07/20,35.42,43.0,9.49,17.8,15.13,T,25°62 45°62 2012/07/20 35°42 43 09°49 17°80 15°13 T,1,0.0,positive,1,0.6987748288922536,1,0
7,21.42,39.83,2012/09/17,37.18,50.0,11.25,16.73,12.46,N,21°42 39°83 2012/09/17 37°18 50 11°25 16°73 12°46 N,1,1.0,positive,1,0.7504249942460541,1,0
7,24.6,46.45,2012/09/17,36.75,46.0,10.12,16.17,12.68,N,24°60 46°45 2012/09/17 36°75 46 IO'I2 16°17 12°68 N,1,1.0,positive,1,0.6725027431576618,1,0
7,26.35,43.95,2012/09/17,36.92,45.0,9.64,16.1,12.95,T,26°35 43°95 2012/09/17 36°92 45 09°64 16°10 12°95 T,1,0.0,positive,1,0.6427020854191794,1,0
7,25.25,45.25,2012/09/17,36.83,46.0,9.95,16.15,12.79,T,25°25 45°25 2012/09/17 36°83 46 09°95 16°15 12°79 T,1,0.0,positive,1,0.6623447896412591,1,0
7,26.37,49.82,2012/09/17,36.53,44.0,9.49,15.86,12.77.,OT,26°37 49°82 2012/09/17 36°53 44 09°49 15°86 12-77. OT,1,0.0,positive,1,0.6242185989668737,1,0
7,25.62,45.62,2012/09/17,36.81,45.0,9.83,16.1,12.82,T,25°62 45°62 2012/09/17 36°81 45 09°83 16°10 12°82 T,1,0.0,positive,1,0.6534871713411906,1,0
7,24.6,46.45,2012/10/16,26.4,40.0,8.49,14.85,12.23,T,24:60 46°45 2012/10/16 26°40 40 08-49 14°85 12°23 T,1,0.0,positive,1,0.5201961069353829,1,0
7,26.35,43.95,2012/10/16,26.54,39.0,8.17,14.95,12.57,T,26°35 43°95 2012/10/16 26°54 39 08-17 14°95 12°57 T,1,0.0,positive,1,0.5043946970192552,1,0
7,25.25,45.25,2012/10/16,26.47,40.0,8.38,14.9,12.36,T,25°25 45°25 2012/10/16 26°47 40 08°38 14°90 12°36 T,1,0.0,positive,1,0.5155147244518979,1,0
7,25.62,45.62,2012/10/16,26.44,40.0,8.28,14.89,12.41,T,25°62 45°62 2012/10/16 26°44 40 08-28 14°89 12°41 T,1,0.0,positive,1,0.5088646955061705,1,0
7,21.42,39.83,2012/11/15,39.51,97.0,19.33,23.26,13.19,N,21°42 39°83 2012/11/15 39°51 97 19°33 23°26 13°19 N,1,1.0,positive,1,0.9863393318041008,1,0
7,24.39,39.63,2012/11/15,39.45,96.0,18.55,23.25,14.27,N,24°39 39°63 2012/11/15 39°45 96 18°55 23°25 14°27 N,1,1.0,positive,1,0.9834185338617398,1,0
7,24.6,46.45,2012/11/15,38.99,95.0,18.28,22.98,14.18,N,24:60 46°45 2012/11/15 38-99 95 18-28 22°98 14°18 N,1,1.0,positive,1,0.9814413188792931,1,0
7,26.35,43.95,2012/11/15,39.11,95.0,17.87,23.07,14.84,N,26°35 43°95 2012/11/15 39°11 95 17°87 23°07 14°84 N,1,1.0,positive,1,0.9797980579709749,1,0
7,27.52,41.7,2012/11/15,39.22,95.0,17.6,23.15,15.29,N,27°52 41°70 2012/11/15 39°22 95 17°60 23°15 15°29 N,1,1.0,positive,1,0.978713616553688,1,0
7,28.4,36.73,2012/11/15,39.53,95.0,17.48,23.34,15.71,N,28°40 36°73 2012/11/15 39°53 95 17°48 23°34 15°71 N,1,1.0,positive,1,0.9787744662983472,1,0
7,25.25,45.25,2012/11/15,39.05,95.0,18.14,23.03,14.43,N,25°25 45°25 2012/11/15 39°05 95 18-14 23°03 14°43 N,1,1.0,positive,1,0.9809577252872035,1,0
7,25.62,45.62,2012/11/15,39.02,95.0,18.03,23.01,14.55,N,25°62 45°62 2012/11/15 39°02 95 18°03 23°01 14°55 N,1,1.0,positive,1,0.9803731847391736,1,0
7,26.37,49.82,2012/11/15,38.71,93.0,17.68,22.84,14.70,N,26°37 49°82 2012/11/15 38°71 93 17°68 22°84 14°70 N,1,1.0,positive,1,0.9779653836185564,1,0
7,21.42,39.83,2012/12/14,29.99,82.0,16.65,17.23,04.51,N,21°42 39°83 2012/12/14 29°99 82 16°65 17°23 04°51 N,1,1.0,positive,1,0.9281602655260396,1,0
7,24.39,39.63,2012/12/14,29.9,82.0,16.31,17.19,05.50,N,24°39 39°63 2012/12/14 29°90 82 16°31 17°19 05°50 N,1,1.0,positive,1,0.9218127552434829,1,0
7,24.6,46.45,2012/12/14,29.44,81.0,16.05,16.92,05.46,N,24°60 46°45 2012/12/14 29°44 81 16°05 16°92 05°46 N,1,1.0,positive,1,0.9133355808868842,1,0
7,26.35,43.95,2012/12/14,29.54,82.0,15.9,16.99,06.06,N,26°35 43°95 2012/12/14 29°54 82 15°90 16°99 06°06 N,1,1.0,positive,1,0.9113851239129244,1,0
7,27.52,41.7,2012/12/14,29.65,83.0,15.82,17.07,06.48,N,27°52 41°70 2012/12/14 29°65 83 15°82 17°07 06°48 N,1,1.0,positive,1,0.9109606162527942,1,0
7,25.25,45.25,2012/12/14,29.5,82.0,16.0,16.96,05.69,N,25°25 45°25 2012/12/14 29°50 82 16-00 16°96 05°69 N,1,1.0,positive,1,0.9129642907350191,1,0
8,25.62,45.62,2013/01/12,18.71,53.0,10.87,10.94,,01.25T,25°62 45°62 2013/01/12 18°71 53 10°87 10°94 OI°25 T,1,0.0,positive,1,0.5023855643428699,1,0
8,26.37,49.82,2013/01/12,18.41,52.0,10.71,10.77,,01.113T,26°37 49°82 2013/01/12 18-41 52 10-71 10°77 OI°1I3 T,1,0.0,positive,0,0.4848837848545593,0,1
8,21.42,39.83,2013/02/11,31.94,75.0,16.72,17.2,,04.10N,21°42 39°83 2013/02/11 31°94 75 16°72 17°20 04°10 N,1,1.0,positive,1,0.9285744258019224,1,0
8,24.39,39.63,2013/02/11,31.9,77.0,16.89,17.17,,03.13N,24°39 39°63 2013/02/11 31°90 77 16°89 17°17 03°13 N,1,1.0,positive,1,0.9311089202345367,1,0
8,28.4,36.73,2013/02/11,32.01,81.0,17.13,17.22,,011.79N,28-40 36°73 2013/02/11 32-01 81 17°13 17°22 O1I°79 N,1,1.0,positive,1,0.9355747150852489,1,0
8,25.25,45.25,2013/02/11,31.51,77.0,16.72,16.96,,02.88N,25°25 45°25 2013/02/11 31°51 77 16°72 16°96 02°88 N,1,1.0,positive,1,0.9258958820960846,1,0
8,25.62,45.62,2013/02/11,31.47,77.0,16.73,16.95,,02.76N,25°62 45°62 2013/02/11 31°47 77 16°73 16°95 02°76 N,1,1.0,positive,1,0.9259482215087143,1,0
8,26.37,49.82,2013/02/11,31.18,77.0,16.61,16.79,,02.54N,26°37 49°82 2013/02/11 31-18 77 16°61 16°79 02°54 N,1,1.0,positive,1,0.9219088692272529,1,0
8,21.42,39.83,2013/04/11,30.06,62.0,13.61,13.65,,01.02N,21°42 39°83 2013/04/11 30°06 62 13°61 13°65 OI°O2 N,1,1.0,positive,1,0.7626044001834723,1,0
8,21.42,39.83,2013/10/06,38.52,61.0,13.24,19.63,,14.63N,21°42 39°83 2013/10/06 38°52 61 13°24 19°63 14°63 N,1,1.0,positive,1,0.8915028019152339,1,0
8,24.39,39.63,2013/10/06,38.48,59.0,12.46,19.66,,15.33N,24°39 39°63 2013/10/06 38°48 59 12°46 19°66 15°33 N,1,1.0,positive,1,0.8716355603014232,1,0
8,26.35,43.95,2013/10/06,38.92,60.0,11.82,19.52,,15.65N,26°35 43°95 2013/10/06 38-92 60 11°82 19°52 15°65 N,1,1.0,positive,1,0.849782451134602,1,0
8,27.52,41.7,2013/10/06,38.31,56.0,11.55,19.61,,15.95N,27°52 41°70 2013/10/06 38°31 56 11°55 19°61 15°95 N,1,1.0,positive,1,0.8426112618564613,1,0
8,25.25,45.25,2013/10/06,38.4,57.0,12.09,19.47,,15.38N,25°25 45°25 2013/10/06 38-40 57 12:09 19°47 15°38 N,1,1.0,positive,1,0.8567912607618449,1,0
8,25.62,45.62,2013/10/06,38.4,57.0,11.98,19.46,,15.45N,25°62 45°62 2013/10/06 38°40 57 11°98 19°46 15°45 N,1,1.0,positive,1,0.8531828152604546,1,0
8,26.37,49.82,2013/10/06,38.29,56.0,11.67,19.32,,15.50N,26°37 49°82 2013/10/06 38°29 56 I1‘67 19°32 15°50 N,1,1.0,positive,1,0.8399158909509742,1,0
8,21.42,39.83,2013/11/04,25.88,54.0,11.25,13.74,,07.93N,21°42 39°83 2013/11/04 25°88 54 11°25 13°74 07°93 N,1,1.0,positive,1,0.6429647553176281,1,0
8,24.39,39.63,2013/11/04,25.83,52.0,10.79,13.74,,08.56T,24°39 39°63 2013/11/04 25°83 52 10°79 13°74 08:56 T,1,0.0,positive,1,0.6158665888098382,1,0
8,24.72,46.67,2013/11/04,25.35,51.0,10.53,13.47,,08.46T,24°72 46°67 2013/11/04 25°35 51 10°53 13°47 08°46 T,1,0.0,positive,1,0.5890077092574075,1,0
8,25.25,45.25,2013/11/04,25.35,51.0,10.48,13.52,,08.60T,25°25 45°25 2013/11/04 25°35 51 10°48 13°52 08:60 T,1,0.0,positive,1,0.5880837833800732,1,0
8,24.39,39.63,2013/12/03,14.18,39.0,7.92,8.1,,011.62T,24°39 39°63 2013/12/03 14°18 39 07°92 08-10 O1I°62 T,1,0.0,positive,0,0.2267187905508413,0,1
8,21.42,39.83,2014/01/02,27.62,78.0,16.34,16.34,,00.22N,21°42 39°83 2014/01/02 27°62 78 16°34 16°34 00°22 N,1,1.0,positive,1,0.9108905330826781,1,0
8,24.39,39.63,2014/01/02,27.5,79.0,16.25,16.29,,01.20N,24°39 39°63 2014/01/02 27°50 79 16°25 16°29 OI°20 N,1,1.0,positive,1,0.90841099172688,1,0
8,24.72,46.67,2014/01/02,27.03,78.0,15.97,16.02,,0121N,24°72 46°67 2014/01/02 27°03 78 15°97 16°02 OI‘2I N,1,1.0,positive,1,0.8981862180491976,1,0
8,26.35,43.95,2014/01/02,27.04,80.0,15.99,16.09,,01.78N,26°35 43°95 2014/01/02 27°04 80 15°99 16°09 01°78 N,1,1.0,positive,1,0.8998907295107132,1,0
8,27.52,41.7,2014/01/02,27.58,81.0,16.01,16.16,,02.20N,27°52 41°70 2014/01/02 27°58 81 16°OI 16°16 02°20 N,1,1.0,positive,1,0.9014935196232197,1,0
8,28.4,36.73,2014/01/02,27.58,83.0,16.13,16.33,,02.56N,28-40 36°73 2014/01/02 27°58 83 16°13 16°33 02°56 N,1,1.0,positive,1,0.9067734119879577,1,0
8,25.25,45.25,2014/01/02,27.02,79.0,16.0,16.06,,01.41N,25°25 45°25 2014/01/02 27°02 79 16°00 16°06 OI-4I N,1,1.0,positive,1,0.8995706003864996,1,0
8,25.62,45.62,2014/01/02,27.02,79.0,15.97,16.04,,01.52N,25°62 45°62 2014/01/02 27°02 79 15°97 16°04 OI°52 N,1,1.0,positive,1,0.8985798252223461,1,0
8,26.37,49.82,2014/01/02,27.58,79.0,15.78,15.87,,011.70N,26°37 49°82 2014/01/02 27°58 79 15°78 15°87 O1I°70 N,1,1.0,positive,1,0.891379530648248,1,0
8,24.39,39.63,2014/01/31,17.46,47.0,10.13,10.56,,03.01T,24°39 39°63 2014/01/31 17°46 47 10°13 10°56 03°01 T,1,0.0,positive,0,0.43895828492143346,0,1
8,24.72,46.67,2014/01/31,16.99,46.0,9.87,10.31,,03.00T,24°72 46°67 2014/01/31 16°99 46 09°87 10°31 03°00 T,1,0.0,positive,0,0.4123850036125807,0,1
8,26.35,43.95,2014/01/31,17.13,47.0,10.04,10.38,,02.65T,26°35 43°95 2014/01/31 17°13 47 10°04 10°38 02°65 T,1,0.0,positive,0,0.42583629594031575,0,1
8,25.25,45.25,2014/01/31,17.07,46.0,9.95,10.35,,02.88T,25°25 45°25 2014/01/31 17°07 46 09°95 10°35 02°88 T,1,0.0,positive,0,0.41889810197017624,0,1
8,25.62,45.62,2014/01/31,17.03,47.0,9.95,10.33,,02.81T,25°62 45°62 2014/01/31 17°03 47 09°95 10°33 02°81 T,1,0.0,positive,0,0.4182672143896831,0,1
8,21.42,39.83,2014/03/02,31.42,75.0,16.99,17.23,,02.94N,21°42 39°83 2014/03/02 31°42 75 16°99 17°23 02°94 N,1,1.0,positive,1,0.9332286674400917,1,0
8,24.72,46.67,2014/03/02,30.93,77.0,16.86,16.96,,01.90N,24°72 46°67 2014/03/02 30°93 77 16°86 16°96 OI-90 N,1,1.0,positive,1,0.9282515956599983,1,0
8,26.35,43.95,2014/03/02,30.94,78.0,16.99,17.05,,01.37N,26°35 43°95 2014/03/02 30°94 78 16°99 17°05 01:37 N,1,1.0,positive,1,0.931431409914673,1,0
8,25.25,45.25,2014/03/02,30.94,77.0,16.92,17.01,,01.73N,25°25 45°25 2014/03/02 30°94 77 16°92 17°OI O1°73 N,1,1.0,positive,1,0.9298052241522077,1,0
8,25.62,45.62,2014/03/02,30.94,78.0,16.92,16.99,,01.61N,25°62 45°62 2014/03/02 30°94 78 16°92 16°99 OI°61 N,1,1.0,positive,1,0.9296358436126628,1,0
8,26.37,49.82,2014/03/02,31.14,77.0,16.78,16.83,,01.39N,26°37 49°82 2014/03/02 31°14 77 16°78 16°83 O1°39 N,1,1.0,positive,1,0.9253794110695517,1,0
8,21.42,39.83,2014/03/31,20.84,46.0,10.42,10.46,,00.89T,21°42 39°83 2014/03/31 20°84 46 10°42 10°46 00°89 T,1,0.0,positive,0,0.4523133543086462,0,1
8,24.39,39.63,2014/03/31,20.87,48.0,10.47,10.48,,00.30T,24°39 39°63 2014/03/31 20°87 48 10°47 10°48 00°30 T,1,0.0,positive,0,0.4566809499306483,0,1
8,21.42,39.83,2014/04/30,33.52,73.0,15.91,16.37,,03.91N,21°42 39°83 2014/04/30 33°52 73 I5‘91 16°37 03°91 N,1,1.0,positive,1,0.9018904421099024,1,0
8,24.39,39.63,2014/04/30,33.6,74.0,15.71,16.42,,04.83N,24°39 39°63 2014/04/30 33°60 74 15°71 16°42 04°83 N,1,1.0,positive,1,0.8982671260930625,1,0
8,28.4,36.73,2014/04/30,33.88,75.0,15.45,16.58,,06.10N,28°40 36°73 2014/04/30 33°88 75 15°45 16°58 06°10 N,1,1.0,positive,1,0.8949072817094171,1,0
8,25.25,45.25,2014/04/30,33.24,73.0,15.46,16.24,,05705N,25°25 45°25 2014/04/30 33°24 73 15°46 16°24 05705 N,1,1.0,positive,1,0.8893347746488776,1,0
8,25.62,45.62,2014/04/30,33.23,73.0,15.41,16.23,,05.16N,25°62 45°62 2014/04/30 33°23 73 15°41 16°23 05°16 N,1,1.0,positive,1,0.887932358497839,1,0
8,21.42,39.83,2014/05/29,21.3,38.0,8.11,10.37,,06.48T,21°42 39°83 2014/05/29 21°30 38 O8-II 10°37 06°48 T,1,0.0,positive,0,0.3124465090908694,0,1
8,24.72,46.67,2014/05/29,20.95,36.0,7.54,10.25,,06.97T,24°72 46°67 2014/05/29 20°95 36 07°54 10°25 06:97 T,1,0.0,positive,0,0.2782794309804178,0,1
8,27.52,41.7,2014/05/29,21.37,36.0,7.33,10.47,,077508T,27°52 41°70 2014/05/29 21°37 36 07°33 10°47 07750 8T,1,0.0,positive,0,0.27541683506836506,0,1
8,25.62,45.62,2014/05/29,21.05,36.0,7.46,10.3,,07.13T,25°62 45°62 2014/05/29 21°05 36 07°46 10°30 07°13 T,1,0.0,positive,0,0.27601913825175073,0,1
8,26.37,49.82,2014/05/29,20.79,35.0,7.24,10.2,,07.20T,26°37 49°82 2014/05/29 20°79 35 07°24 10°20 07°20 T,1,0.0,positive,0,0.26169586410647483,0,1
8,26.35,43.95,2014/07/28,41.35,46.0,9.94,18.71,,15.930T,26°35 43°95 2014/07/28 41°35 46 09°94 18°71 15°93 «=oT,1,0.0,positive,1,0.7527101006256807,1,0
8,21.42,39.83,2014/09/25,33.01,44.0,10.01,14.9,,1110N,21°42 39°83 2014/09/25 33°01 44 10°OI 14°90 II‘1O N,1,1.0,positive,1,0.6156749191759073,1,0
8,24.72,46.67,2014/09/25,32.55,42.0,9.2,14.72,,11.55T,24°72 46°67 2014/09/25 32°55 42 09:20 14°72 11°55 T,1,0.0,positive,1,0.5589327341493061,1,0
8,26.35,43.95,2014/09/25,32.73,41.0,8.93,14.83,,rg90CsTT,26°35 43°95 2014/09/25 32°73 4I 08°93 14°83 rg90Cs TT,1,0.0,positive,1,0.5468010274421459,1,0
8,27.52,41.7,2014/09/25,32.88,41.0,8.73,14.91,,12.13T,27°52 41°70 2014/09/25 32°88 4I 08°73 14°91 12°13 T,1,0.0,positive,1,0.5378724982562062,1,0
8,28.4,36.73,2014/09/25,33.21,41.0,8.66,15.08,,12.39T,28-40 36°73 2014/09/25 33°21 4I 08-66 15:08 12°39 T,1,0.0,positive,1,0.5408335674290314,1,0
8,25.62,45.62,2014/09/25,32.62,41.0,9.04,14.77,,11.72N,25°62 45°62 2014/09/25 32°62 4I 09°04 14°77 11°72 N,1,1.0,positive,1,0.5510161833448126,1,0
9,27.52,41.7,2014/11/23,25.81,62.0,12.23,13.47,05.69,N,27°52 41°70 2014/11/23 25°81 62 12°23 13°47 05°69 N,1,1.0,positive,1,0.6883586705532241,1,0
9,21.42,39.83,2014/12/23,37.15,98.0,20.37,20.63,03.35,N,21°42 39°83 2014/12/23 37°15 98 20°37 20°63 03°35 N,1,1.0,positive,1,0.9834595961876677,1,0
9,24.72,46.67,2014/12/23,36.58,99.0,19.83,20.33,04.60,N,24°72 46°67 2014/12/23 36°58 99 19°83 20°33 04:60 N,1,1.0,positive,1,0.9801585895588727,1,0
9,28.4,36.73,2014/12/23,37.11,103.0,19.7,20.64,06.27,N,28°40 36°73 2014/12/23 37°11 103 19°70 20°64 06°27 N,1,1.0,positive,1,0.9806311291809945,1,0
9,25.25,45.25,2014/12/23,36.65,100.0,19.82,20.37,04.84,N,25°25 45°25 2014/12/23 36°65 100 19°82 20°37 04°84 N,1,1.0,positive,1,0.9802609065589095,1,0
9,25.62,45.62,2014/12/23,36.62,100.0,19.76,20.36,04.98,N,25°62 45°62 2014/12/23 36°62 I0O 19°76 20°36 04°98 N,1,1.0,positive,1,0.9799359484377659,1,0
9,26.37,49.82,2014/12/23,36.31,100.0,19.53,20.19,05.20,N,26°37 49°82 2014/12/23 36°31 100 19°53 20°19 05°20 N,1,1.0,positive,1,0.9781608147259491,1,0
9,21.42,39.83,2015/01/21,25.83,68.0,14.74,14.83,01.61,N,21°42 39°83 2015/01/21 25°83 68 14°74 14°83 OI°61 N,1,1.0,positive,1,0.839847555415312,1,0
9,24.72,46.67,2015/01/21,25.28,69.0,14.5,14.52,00.72,N,24°72 46°67 2015/01/21 25°28 69 14°50 14°52 00:72 N,1,1.0,positive,1,0.8241486856626851,1,0
9,26.35,43.95,2015/01/21,25.41,71.0,14.59,14.59,00.21,N,26°35 43°95 2015/01/21 25°41 71 14°59 14°59 00°21 N,1,1.0,positive,1,0.8293339931055513,1,0
9,27.52,41.7,2015/01/21,25.52,72.0,14.65,14.65,00.16,N,27°52 41°70 2015/01/21 25°52 72 14°65 14°65 00°16 N,1,1.0,positive,1,0.8330033816541313,1,0
9,28.4,36.73,2015/01/21,25.83,73.0,14.82,14.83,00.48,N,28-40 36°73 2015/01/21 25°83 73 14°82 14°83 00°48 N,1,1.0,positive,1,0.8430772258144221,1,0
9,25.25,45.25,2015/01/21,25.36,70.0,14.55,14.56,00.55,N,25°25 45°25 2015/01/21 25°36 70 14°55 14°56 00°55 N,1,1.0,positive,1,0.8270583232980991,1,0
9,25.62,45.62,2015/01/21,25.32,70.0,14.53,14.54,00.44,N,25°62 45°62 2015/01/21 25°32 70 14°53 14°54 00°44 N,1,1.0,positive,1,0.825849229657822,1,0
9,26.37,49.82,2015/01/21,25.02,70.0,14.37,14.37,00.28,N,26°37 49°82 2015/01/21 25°02 70 14°37 14°37 00:28 N,1,1.0,positive,1,0.8156764042344259,1,0
9,28.4,36.73,2015/02/19,15.65,41.0,8.73,8.82,01.30,T,28°40 36°73 2015/02/19 15°65 4I 08°73 08°82 01°30 T,1,0.0,positive,0,0.2891878623972057,0,1
9,21.42,39.83,2015/03/21,29.93,74.0,16.7,16.7,00.16,N,21°42 39°83 2015/03/21 29°93 74 16°70 16°70 00-16 N,1,1.0,positive,1,0.9222170683017561,1,0
9,27.52,41.7,2015/03/21,29.81,77.0,16.51,16.52,00.57,N,27°52 41°70 2015/03/21 29°81 77 16°51 16°52 00°57 N,1,1.0,positive,1,0.9166042519598019,1,0
9,28.4,36.73,2015/03/21,30.14,79.0,16.67,16.69,00.83,N,28°40 36°73 2015/03/21 30°14 79 16°67 16°69 00°83 N,1,1.0,positive,1,0.9218652203358267,1,0
9,21.42,39.83,2015/05/19,35.67,79.0,17.11,19.05,08.51,N,21°42 39°83 2015/05/19 35°67 79 I7‘II 19°05 08°51 N,1,1.0,positive,1,0.9518831092398079,1,0
9,24.39,39.63,2015/05/19,35.77,79.0,16.66,19.12,09.53,N,24°39 39°63 2015/05/19 35°77 79 16°66 19°12 09°53 N,1,1.0,positive,1,0.9470941245399281,1,0
9,24.72,46.67,2015/05/19,35.31,77.0,16.37,18.89,09.56,N,24°72 46°67 2015/05/19 35°31 77 16°37 18°89 09°56 N,1,1.0,positive,1,0.9411042814171676,1,0
9,26.35,43.95,2015/05/19,35.54,78.0,16.18,19.02,10.14,N,26°35 43°95 2015/05/19 35°54 78 16°18 19°02 10°14 N,1,1.0,positive,1,0.9397601757418655,1,0
9,25.25,45.25,2015/05/19,35.42,78.0,16.33,18.95,09.75,N,25°25 45°25 2015/05/19 35°42 78 16°33 18°95 09°75 N,1,1.0,positive,1,0.9411740410406537,1,0
9,25.62,45.62,2015/05/19,35.41,77.0,16.25,18.94,09.87,N,25°62 45°62 2015/05/19 35°41 77 16°25 18°94 09°87 N,1,1.0,positive,1,0.9399160007739162,1,0
9,26.37,49.82,2015/05/19,35.15,77.0,15.99,18.82,10.07,N,26°37 49°82 2015/05/19 35°15 77 15°99 18°82 10°07 N,1,1.0,positive,1,0.9349064143869255,1,0
9,24.39,39.63,2015/06/17,26.11,42.0,8.99,13.72,10.41,T,24°39 39°63 2015/06/17 26°11 42 08:99 13°72 10°41 T,1,0.0,positive,1,0.5029913462355765,1,0
9,26.35,43.95,2015/06/17,25.89,41.0,8.49,13.64,10.72,T,26°35 43°95 2015/06/17 25°89 4I 08°49 13°64 10°72 T,1,0.0,positive,0,0.46825434749420247,0,1
9,27.52,41.7,2015/06/17,26.09,40.0,8.32,13.75,10.98,T,27°52 41°70 2015/06/17 26°09 40 08°32 13°75 10°98 T,1,0.0,positive,0,0.46223672416381223,0,1
9,21.42,39.83,2015/09/14,32.73,44.0,9.95,10.19,02.23,oT,21°42 39°83 2015/09/14 32°73 44 09°95 10-19 02°23 oT,1,0.0,positive,0,0.4117748298034925,0,1
9,26.37,49.82,2015/09/14,32.09,40.0,8.83,9.16,02.43,T,26°37 49°82 2015/09/14 32°09 40 08°83 09°16 02°43 T,1,0.0,positive,0,0.30648200617030374,0,1
9,24.72,46.67,2015/11/13,44.33,90.0,18.16,20.82,10.35,N,24°72 46°67 2015/11/13 44°33 90 18°16 20°82 10°35 N,1,1.0,positive,1,0.9723773961940405,1,0
9,27.52,41.7,2015/11/13,44.59,90.0,17.7,20.96,11.42,N,27°52 41°70 2015/11/13 44°59 90 17°70 20°96 11-42 N,1,1.0,positive,1,0.9698447628194462,1,0
9,26.37,49.82,2015/11/13,44.08,90.0,17.75,20.71,10.85,N,26°37 49°82 2015/11/13 44:08 90 17°75 20°71 10°85 N,1,1.0,positive,1,0.9689337277039047,1,0
9,23.56,46.39,1988/03/18,13.04,30.0,6.7,6.71,0.35,,23°56 46°39 1988/03/18 13°04 30 06°70 06°71 00°35,0,,negative,0,0.14452051713574837,1,0
9,19.15,42.22,1988/04/16,03.49,4.0,1.01,3.28,3.12,,19°15 42°22 1988/04/16 03°49 O4 OI-O1 03°28 03°12,0,,negative,0,0.021692469637515116,1,0
9,23.56,46.39,1988/04/16,03.27,5.0,1.14,3.17,2.96,,23°56 46°39 1988/04/16 03°27 O05 OI-14 03°17 02°96,0,,negative,0,0.02199655414440462,1,0
9,28.4,36.73,1990/02/25,06.60,14.0,3.01,3.45,1.69,,28°40 36°73 1990/02/25 06°60 14 03°01 03°45 O1:69,0,,negative,0,0.036505150715103386,1,0
9,26.45,36.38,1991/05/14,11.63,33.0,6.64,6.99,2.2,,26°45 36°38 1991/05/14 11°63 33 06°64 06°99 02°20,0,,negative,0,0.14902497018671115,1,0
9,28.4,36.73,1992/06/01,04.13,30.0,5.95,6.18,1.71,,28°40 36°73 1992/06/OI 04°13 30 05°95 06°18 OI-71,0,,negative,0,0.113407848119392,1,0
9,21.42,39.83,1993/12/13,05.22,12.0,2.59,2.63,0.45,,21°42 39°83 1993/12/13 05°22 12 02°59 02°63 00°45,0,,negative,0,0.02872332992961549,1,0
9,28.4,36.73,1993/02/21,02.38,4.0,0.87,4.71,4.63,,28°40 36°73 1993/02/21 02°38 04 00°87 04°71 04°63,0,,negative,0,0.026677564453527102,1,0
10,21.42,39.83,1993/12/13,05.22,12.0,2.59,2.63,0.45,,21°42 39°83 1993/12/13 05°22 12 02°59 02°63 00°45,0,,negative,0,0.02872332992961549,1,0
10,28.4,36.73,1993/02/21,02.38,4.0,0.87,4.71,4.63,,28-40 36°73 1993/02/21 02°38 04 00°87 04°71 04°63,0,,negative,0,0.026677564453527102,1,0
10,21.42,39.83,1993/12/13,05.22,12.0,2.59,2.63,0.45,,21°42 39°83 1993/12/13 05°22 12 02°59 02°63 00°45,0,,negative,0,0.02872332992961549,1,0
10,24.6,46.45,1998/10/20,04.23,16.0,3.6,3.95,11.62,,24:60 46°45 1998/10/20 04°23 16 03°60 03°95 O1I°62,0,,negative,0,0.045727774286352905,1,0
10,26.35,43.95,1999/10/09,03.14,16.0,3.66,4.13,1.9,,26°35 43°95 1999/10/09 03°14 16 03°66 04°13 O1°90,0,,negative,0,0.04777760785107527,1,0
10,24.6,46.45,2000/03/06,20.79,18.0,3.92,5.62,4.03,,24°60 46°45 2000/03/06 20°79 18 03°92 05°62 04°03,0,,negative,0,0.06484948058693459,1,0
10,21.42,39.83,2000/09/27,19.32,3.0,0.71,1.86,1.72,,21°42 39°83 2000/09/27 19°32 03 00:71 01°86 O1'72,0,,negative,0,0.015836469748963328,1,0
10,28.4,36.73,2001/02/23,07.13,9.0,1.88,4.88,4.5,,28:40 36°73 2001/02/23 07°13 O9 01°88 04°88 04°50,0,,negative,0,0.035166548635644036,1,0
10,24.6,46.45,2001/10/16,19.06,2.0,0.64,5.33,5.29,,24°60 46°45 2001/10/16 19:06 o2 00°64 05°33 05°29,0,,negative,0,0.027953810290200866,1,0
10,27.52,41.7,2001/11/15,07.69,19.0,3.97,4.08,0.93,,27°52 41°70 2001/11/15 07°69 19 03°97 04°08 00°93,0,,negative,0,0.05111875002504507,1,0
10,27.52,41.7,2002/02/12,07.36,8.0,1.8,5.22,4.9,,27°52 41°70 2002/02/12 07°36 08 01°80 05°22 04°90,0,,negative,0,0.036475773471786425,1,0
10,26.35,43.95,2002/10/06,03.47,16.0,3.65,3.83,1.13,,26°35 43°95 2002/10/06 03°47 16 03°65 03°83 OI'13,0,,negative,0,0.045368407405386106,1,0
10,21.42,39.83,2003/02/01,12.59,4.0,0.86,4.98,4.91,,21°42 39°83 2003/02/o1 12°59 O4 00°86 04°98 04°91,0,,negative,0,0.027847202561707408,1,0
10,28.4,36.73,2003/08/27,22.57,12.0,2.51,4.53,3.77,,28°40 36°73 2003/08/27 22°57 I2 02°51 04°53 03°77,0,,negative,0,0.03868386538762693,1,0
10,27.52,41.7,2003/09/26,11.95,27.0,6.08,6.83,3.12,,27°52 41°70 2003/09/26 II°95 27 06:08 06°83 03°12,0,,negative,0,0.1284841792207923,1,0
10,21.42,39.83,2003/09/26,12.08,28.0,6.43,6.86,2.42,,21°42 39°83 2003/09/26 12°08 28 06°43 06°86 02°42,0,,negative,0,0.1392810218515264,1,0
10,26.35,43.95,2003/09/26,11.80,27.0,6.1,6.75,2.91,,26°35 43°95 2003/09/26 11°80 27 06°10 06°75 02°91,0,,negative,0,0.12749871025838458,1,0
10,28.4,36.73,2003/09/26,12.28,28.0,6.14,7.01,3.38,,28:40 36°73 2003/09/26 12°28 28 06°14 07:01 03°38,0,,negative,0,0.1338234898926808,1,0
10,27.52,41.7,2003/10/25,01-.76,4.0,1.04,1.09,0.3,,27°52 41°70 2003/10/25 O1-°76 04 O1'04 O1:09 00°30,0,,negative,0,0.015077223675121609,1,0
10,21.42,39.83,2003/12/23,05.02,2.0,0.51,4.49,4.46,,21°42 39°83 2003/12/23 05°02 O02 00°51 04°49 04°46,0,,negative,0,0.023518044429979155,1,0
10,21.42,39.83,2004/05/19,11-.03,21.0,4.48,4.6,1.07,,21°42 39°83 2004/05/19 II-°03 21 04°48 04:60 OI°07,0,,negative,0,0.06281292774204586,1,0
10,28.4,36.73,2004/09/14,01.17,9.0,2.15,2.68,1.6,,28-40 36°73 2004/09/14 OI‘I7 09 02°15 02°68 O1°60,0,,negative,0,0.025973331359991976,1,0
10,21.42,39.83,2005/08/05,21.20,29.0,6.33,6.35,0.45,,21°42 39°83 2005/08/05 21°20 29 06°33 06°35 00°45,0,,negative,0,0.12638253052340534,1,0
10,24.6,46.45,2005/08/05,20.84,29.0,6.18,6.22,0.75,,24:60 46°45 2005/08/05 20°84 29 06°18 06:22 00°75,0,,negative,0,0.11992902776228063,1,0
10,26.35,43.95,2005/08/05,21.05,30.0,6.21,6.3,1.05,,26°35 43°95 2005/08/05 21°05 30 06°21 06°30 OI'05,0,,negative,0,0.1222849570756977,1,0
10,27.52,41.7,2005/11/02,23.47,7.0,11.62,7.01,6.82,,27°52 41°70 2005/11/02 23°47 O7 O1I°62 O7:OI 06:82,0,,negative,0,0.37247173147512547,1,0
10,21.42,39.83,2005/12/31,11.63,19.0,3.88,7.86,6.83,,21°42 39°83 2005/12/31 11°63 19 03°88 07°86 06°83,0,,negative,0,0.09186115232919391,1,0
10,24.54,39.63,2005/12/31,11.54,18.0,3.42,7.86,7.08,,24°54 39°63 2005/12/31 11°54 18 03°42 07°86 07°08,0,,negative,0,0.08268032327013515,1,0
10,28.4,36.73,2006/07/25,11.95,29.0,5.89,6.0,1.16,,28-40 36°73 2006/07/25 II°95 29 05°89 06:00 OI'16,0,,negative,0,0.10878078722631758,1,0
10,21.42,39.83,2007/08/13,16.84,26.0,5.94,7.69,4.89,,21°42 39°83 2007/08/13 16°84 26 05°94 07°69 04°89,0,,negative,0,0.14164407476841745,1,0
10,28.4,36.73,2008/08/01,20.42,8.0,1.91,2.86,2.12,,28°40 36°73 2008/08/01 20°42 08 OI‘9I 02°86 02°12,0,,negative,0,0.025236646910610054,1,0
10,27.52,41.7,2009/04/25,12.35,33.0,6.67,7.7,3.85,,27°52 41°70 2009/04/25 12°35 33 06°67 07°70 03°85,0,,negative,0,0.16627531124901118,1,0
10,24.6,46.45,2009/07/22,13.15,22.0,4.78,7.23,5.43,,24°60 46°45 2009/07/22 13°15 22 04°78 07°23 05°43,0,,negative,0,0.10217734194563916,1,0
10,26.35,43.95,2009/07/22,13.37,22.0,4.68,7.38,5.71,,26°35 43°95 2009/07/22 13°37 22 04°68 07°38 05°71,0,,negative,0,0.10226903321300654,1,0
10,26.35,43.95,2009/11/17,19.00,18.0,3.61,9.73,9.04,,26°35 43°95 2009/11/17 19:00 18 03°61 09°73 09°04,0,,negative,0,0.11543102462753385,1,0
10,25.62,45.62,2009/11/17,18.91,19.0,3.7,9.68,8.96,,25°62 45°62 2009/11/17 18°91 19 03°70 09°68 08:96,0,,negative,0,0.11693338953540458,1,0
10,28.4,36.73,2010/06/12,05.27,12.0,2.45,2.46,0.05,,28°40 36°73 2010/06/12 05°27 12 02°45 02°46 00°05,0,,negative,0,0.026985755094698947,1,0
10,25.25,45.25,2010/06/12,04.58,10.0,2.12,2.16,0.44,,25°25 45°25 2010/06/12 04°58 10 02°12 02°16 00°44,0,,negative,0,0.02364381263715523,1,0
10,28.4,36.73,2010/08/10,13.15,7.0,1.74,8.36,8.18,,28°40 36°73 2010/08/10 13°15 O7 O1°74 08°36 08-18,0,,negative,0,0.06021156423092586,1,0
10,26.37,49.82,2010/08/10,12.23,78.0,1.69,7.85,7.66,,26°37 49°82 2010/08/10 12°23 078 O1:69 07°85 07°66,0,,negative,0,0.058018427487810637,1,0
10,24.39,39.63,2010/10/08,20.29,17.0,3.69,12.4,11.84,,24°39 39°63 2010/10/08 20°29 17 03°69 12°40 11°84,0,,negative,0,0.17414338322276363,1,0
10,24.6,46.45,2010/10/08,19.83,16.0,3.47,12.17,11.67,,24°60 46°45 2010/10/08 19°83 16 03°47 12°17 11°67,0,,negative,0,0.1608580210551794,1,0
10,26.35,43.95,2010/10/08,19.99,14.0,3.17,12.27,11.86,,26°35 43°95 2010/10/08 19°99 14 03°17 12°27 11°86,0,,negative,0,0.15303554261139246,1,0
10,25.25,45.25,2010/10/08,19.91,15.0,3.37,12.21,11.75,,25°25 45°25 2010/10/08 19°91 15 03°37 12°21 11°75,0,,negative,0,0.15833034703136276,1,0
10,26.37,49.82,2010/10/08,19.60,14.0,3.02,12.07,11.69,,26°37 49°82 2010/10/08 19°60 14 03°02 12°07 11°69,0,,negative,0,0.14395239079293423,1,0
10,25.62,45.62,2010/10/08,19.88,15.0,3.28,12.21,11.76,,25°62 45°62 2010/10/08 19°88 15 03°28 12-21 11-76,0,,negative,0,0.15536790269018033,1,0
11,24.6,46.45,2010/11/06,09.33,2.0,0.52,6.18,6.16,,24°60 46°45 2010/11/06 09:33 o2 00:52 06:18 06:16,0,,negative,0,0.0313098739102191,1,0
11,25.25,45.25,2010/11/06,09.39,2.0,0.47,6.21,6.2,,25°25 45°25 2010/11/06 09°39 O2 00°47 06°21 06°20,0,,negative,0,0.03109020936816079,1,0
11,24.6,46.45,2011/01/04,11.80,9.0,2.01,2.03,0.28,,24:60 46°45 2011/01/04 11°80 09 02°01 02°03 00°28,0,,negative,0,0.02250176821620223,1,0
11,21.42,39.83,2011/05/03,18.74,17.0,3.58,4.5,2.74,,21°42 39°83 2011/05/03 18°74 17 03°58 04°50 02°74,0,,negative,0,0.04985795175615267,1,0
11,24.39,39.63,2011/05/03,18.82,18.0,3.75,4.5,2.49,,24°39 39°63 2011/05/03 18-82 18 03°75 04°50 02°49,0,,negative,0,0.05194336567038412,1,0
11,27.52,41.7,2011/05/03,18.75,19.0,3.86,4.46,2.23,,27°52 41°70 2011/05/03 18°75 19 03°86 04°46 02°23,0,,negative,0,0.05300412222787758,1,0
11,21.42,39.83,2011/07/01,21.45,7.0,1.63,3.71,3.34,,21°42 39°83 2011/07/01 21°45 O7 01°63 03°71 03°34,0,,negative,0,0.027179323959626914,1,0
11,24.39,39.63,2011/07/01,21.57,7.0,1.48,3.81,3.51,,24°39 39°63 2011/07/01 21°57 O7 01°48 03°81 03°51,0,,negative,0,0.026653513718866574,1,0
11,24.6,46.45,2011/07/01,21.12,6.0,1.28,3.61,3.38,,24°60 46°45 2011/07/o1 21°12 06 01°28 03°61 03°38,0,,negative,0,0.02453104701956542,1,0
11,28.4,36.73,2011/07/01,21.91,6.0,11.34,4.02,3.8,,28°40 36°73 2011/07/o1 21-91 06 O1I°34 04°02 03°80,0,,negative,0,0.24819847847702947,1,0
11,25.62,45.62,2011/07/01,21.22,6.0,1.25,3.67,3.45,,25°62 45°62 2011/07/01 21°22 06 OI'25 03°67 03°45,0,,negative,0,0.02460026600104047,1,0
11,21.42,39.83,2011/10/27,18.87,27.0,5.79,11.0,9.37,,21°42 39°83 2011/10/27 18°87 27 05°79 II‘00 09°37,0,,negative,0,0.21979127858925937,1,0
11,24.6,46.45,2011/10/27,18.37,24.0,5.02,10.76,9.53,,24:60 46°45 2011/10/27 18°37 24 05:02 10°76 09°53,0,,negative,0,0.1820468492167174,1,0
11,28.4,36.73,2011/10/27,18.95,23.0,4.6,11.13,10.15,,28°40 36°73 2011/10/27 18°95 23 04°60 II‘13 IO'I5,0,,negative,0,0.1759430204180814,1,0
11,25.25,45.25,2011/10/27,18.44,24.0,4.94,10.81,9.63,,25°25 45°25 2011/10/27 18°44 24 04°94 10°81 09°63,0,,negative,0,0.18037284711248844,1,0
11,25.62,45.62,2011/10/27,18.41,23.0,4.86,10.8,9.65,,25°62 45°62 2011/10/27 18-41 23 04°86 10°80 09°65,0,,negative,0,0.17707067680370783,1,0
11,26.37,49.82,2011/10/27,18.12,22.0,4.6,10.65,9.61,,26°37 49°82 2011/10/27 18-12 22 04°60 10°65 09°61,0,,negative,0,0.16413396231925573,1,0
11,21.42,39.83,2011/11/25,08.46,13.0,2.89,4.31,3.2,,21°42 39°83 2011/11/25 08°46 13 02°89 04°31 03°20,0,,negative,0,0.04087868023079769,1,0
11,24.39,39.63,2011/11/25,08.39,13.0,2.66,4.3,3.38,,24°39 39°63 2011/11/25 08°39 13 02°66 04°30 03°38,0,,negative,0,0.038628048819835385,1,0
11,28.4,36.73,2011/11/25,08.45,12.0,2.43,4.39,3.66,,28°40 36°73 2011/11/25 08°45 12 02°43 04°39 03°66,0,,negative,0,0.03707771776277252,1,0
11,21.42,39.83,2012/01/23,07.42,16.0,3.62,5.02,3.49,,21°42 39°83 2012/01/23 07°42 16 03°62 05°02 03°49,0,,negative,0,0.054754410931983896,1,0
11,24.6,46.45,2012/01/23,06.89,16.0,3.54,4.81,3.26,,24°60 46°45 2012/01/23 06°89 16 03°54 04°81 03°26,0,,negative,0,0.05191952859917993,1,0
11,25.25,45.25,2012/01/23,06.95,17.0,3.61,4.83,3.2,,25°25 45°25 2012/01/23 06°95 17 03°61 04°83 03°20,0,,negative,0,0.05299988033591902,1,0
11,25.62,45.62,2012/01/23,06.91,17.0,3.62,4.81,3.17,,25°62 45°62 2012/01/23 06°91 17 03°62 04°81 03°17,0,,negative,0,0.05295157269645635,1,0
11,21.42,39.83,2012/04/21,08.40,14.0,3.04,3.89,2.43,,21°42 39°83 2012/04/21 08-40 14 03:04 03°89 02°43,0,,negative,0,0.03955501444565064,1,0
11,24.39,39.63,2012/04/21,08.46,15.0,3.19,3.88,2.21,,24°39 39°63 2012/04/21 08°46 15 03°19 03°88 02°21,0,,negative,0,0.04096399906886016,1,0
11,21.42,39.83,2012/07/19,11.68,6.0,1.38,7.03,6.9,,21°42 39°83 2012/07/19 11°68 06 01°38 07°03 06:90,0,,negative,0,0.044454823163661936,1,0
11,24.6,46.45,2012/07/19,11.34,3.0,0.83,6.95,6.9,,24°60 46°45 2012/07/19 11°34 03 00°83 06°95 06:90,0,,negative,0,0.03837965465925197,1,0
11,24.39,39.63,2012/07/19,11.79,4.0,1.02,7.12,7.04,,24°39 39°63 2012/07/19 11°79 O4 OI°02 O7°I2 07°04,0,,negative,0,0.04134421791119081,1,0
11,26.35,43.95,2012/07/19,11.56,3.0,0.68,7.06,7.03,,26°35 43°95 2012/07/19 11°56 03 00°68 07°06 07°03,0,,negative,0,0.0377081269838198,1,0
11,25.62,45.62,2012/07/19,11.43,3.0,0.73,7.0,6.96,,25°62 45°62 2012/07/19 II°43 03 00°73 07°00 06:96,0,,negative,0,0.037784016524080206,1,0
11,21.42,39.83,2012/09/16,13.20,5.0,1.34,2.85,2.52,,21°42 39°83 2012/09/16 13°20 O05 01°34 02°85 02°52,0,,negative,0,0.021879611946920532,1,0
11,24.6,46.45,2012/09/16,12.77,3.0,0.72,2.33,2.21,,24°60 46°45 2012/09/16 12°77 03 00°72 02°33 02°21,0,,negative,0,0.01719373040504874,1,0
11,26.35,43.95,2012/09/16,12.94,2.0,0.53,2.26,2.19,,26°35 43°95 2012/09/16 12°94 O2 00°53 02°26 02°19,0,,negative,0,0.016204958627136522,1,0
11,25.25,45.25,2012/09/16,12.85,2.0,0.66,2.31,2.21,,25°25 45°25 2012/09/16 12°85 02 00°66 02°31 02°21,0,,negative,0,0.01687151693933332,1,0
11,25.62,45.62,2012/09/16,12.83,2.0,0.6,2.27,2.19,,25°62 45°62 2012/09/16 12°83 02 00:60 02°27 02°19,0,,negative,0,0.016513087519090978,1,0
11,24.6,46.45,2012/11/14,15.99,33.0,6.7,8.81,5.73,,24°60 46°45 2012/11/14 15°99 33 06°70 08-81 05°73,0,,negative,0,0.19572838142790533,1,0
11,26.35,43.95,2012/11/14,116.11,33.0,6.57,8.9,6.02,,26°35 43°95 2012/11/14 I16°II 33 06°57 08-90 06:02,0,,negative,0,0.19309355024385874,1,0
11,27.52,41.7,2012/11/14,16.23,33.0,6.49,8.98,6.22,,27°52 41°70 2012/11/14 16°23 33 06°49 08:98 06°22,0,,negative,0,0.19214418750923848,1,0
11,28.4,36.73,2012/11/14,16.54,33.0,6.53,9.17,6.45,,28-40 36°73 2012/11/14 16°54 33 06°53 09°17 06°45,0,,negative,0,0.1988674239194805,1,0
11,25.25,45.25,2012/11/14,16.06,33.0,6.66,8.85,5.84,,25°25 45°25 2012/11/14 16°06 33 06°66 08°85 05°84,0,,negative,0,0.19524834019893306,1,0
11,25.62,45.62,2012/11/14,16.02,33.0,6.61,8.84,5.88,,25°62 45°62 2012/11/14 16-02 33 06°61 08°84 05°88,0,,negative,0,0.1930312904219225,1,0
11,26.37,49.82,2012/11/14,15.72,32.0,6.38,8.67,5.88,,26°37 49°82 2012/11/14 15°72 32 06°38 08°67 05°88,0,,negative,0,0.17977369581440017,1,0
11,21.42,39.83,2012/12/13,05.98,16.0,3.48,3.56,0.73,,21°42 39°83 2012/12/13 05°98 16 03°48 03°56 00°73,0,,negative,0,0.041669463800749276,1,0
11,24.39,39.63,2012/12/13,05.89,16.0,3.47,3.5,0.51,,24°39 39°63 2012/12/13 05°89 16 03°47 03°50 00°51,0,,negative,0,0.04115953896620319,1,0
11,24.6,46.45,2012/12/13,05.43,15.0,3.22,3.28,0.61,,24°60 46°45 2012/12/13 05°43 15 03°22 03°28 00°61,0,,negative,0,0.0373511226368774,1,0
11,26.35,43.95,2012/12/13,05.54,16.0,3.3,3.33,0.44,,26°35 43°95 2012/12/13 05°54 16 03°30 03°33 00°44,0,,negative,0,0.038422793094939275,1,0
11,27.52,41.7,2012/12/13,05.65,16.0,3.36,3.38,0.32,,27°52 41°70 2012/12/13 05°65 16 03°36 03°38 00°32,0,,negative,0,0.0393029337411925,1,0
11,25.25,45.25,2012/12/13,05.49,16.0,3.26,3.3,0.54,,25°25 45°25 2012/12/13 05°49 16 03°26 03°30 00°54,0,,negative,0,0.0378675329743694,1,0
11,25.62,45.62,2012/12/13,05.45,16.0,3.24,3.28,0.52,,25°62 45°62 2012/12/13 05°45 16 03°24 03°28 00°52,0,,negative,0,0.03756159149746506,1,0
11,21.42,39.83,2013/02/10,07.93,16.0,3.78,6.09,4.78,,21°42 39°83 2013/02/10 07°93 16 03°78 06:09 04°78,0,,negative,0,0.06760440336469192,1,0
11,24.39,39.63,2013/02/10,07.89,18.0,4.0,6.04,4.53,,24°39 39°63 2013/02/10 07°89 18 04:00 06:04 04°53,0,,negative,0,0.0706835923017853,1,0
11,28.4,36.73,2013/02/10,08.00,20.0,4.38,6.03,4.15,,28°40 36°73 2013/02/10 08:00 20 04°38 06°03 O4°15,0,,negative,0,0.0771539897301851,1,0
12,25.62,45.62,2013/02/10,07.46,17.0,3.87,5.9,4.45,,25°62 45°62 2013/02/10 07°46 17 03°87 05°90 04°45,0,,negative,0,0.06700601147496586,1,0
12,26.37,49.82,2013/02/10,07.17,17.0,3.77,5.8,4.41,,26°37 49°82 2013/02/10 O7'17 17 03°77 05°80 04°41,0,,negative,0,0.06441855873284771,1,0
12,21.42,39.83,2013/04/10,06.05,9.0,2.09,2.95,2.08,,21°42 39°83 2013/04/10 06:05 09 02:09 02°95 02:08,0,,negative,0,0.026786601313510537,1,0
12,21.42,39.83,2013/10/05,02.25,15.0,3.43,7.28,6.43,,21°42 39°83 2013/10/05 02°25 15 03°43 07°28 06°43,0,,negative,0,0.07539189431937779,1,0
12,24.39,39.63,2013/10/05,02.24,14.0,3.09,7.32,6.64,,24°39 39°63 2013/10/05 02°24 14 03:09 07°32 06°64,0,,negative,0,0.07009354844582542,1,0
12,26.35,43.95,2013/10/05,01.94,12.0,2.74,7.2,6.66,,26°35 43°95 2013/10/05 OI'94 12 02°74 07°20 06°66,0,,negative,0,0.0632808724134761,1,0
12,27.52,41.7,2013/10/05,02.08,12.0,2.66,7.28,6.78,,27°52 41°70 2013/10/05 02:08 I2 02°66 07°28 06°78,0,,negative,0,0.06291997838553579,1,0
12,25.25,45.25,2013/10/05,01.86,12.0,2.84,7.15,6.56,,25°25 45°25 2013/10/05 01°86 I2 02°84 O7-15 06°56,0,,negative,0,0.06425161096079203,1,0
12,25.62,45.62,2013/10/05,01.84,12.0,2.78,7.14,6.57,,25°62 45°62 2013/10/05 01°84 I2 02°78 O7'14 06°57,0,,negative,0,0.06325718725805139,1,0
12,26.37,49.82,2013/10/05,01.55,12.0,2.59,7.01,6.52,,26°37 49°82 2013/10/05 OI°55 I2 02°59 O7°OI 06°52,0,,negative,0,0.05924901944024279,1,0
12,21.42,39.83,2014/01/01,17.19,12.0,2.64,4.58,3.74,,21°42 39°83 2014/o1/o1 1719 I2 02°64 04°58 03°74,0,,negative,0,0.040237231067351664,1,0
12,24.39,39.63,2014/01/01,17.11,13.0,2.8,4.53,3.56,,24°39 39°63 2014/01/o1 I7‘II 13 02°80 04°53 03°56,0,,negative,0,0.04149352123620189,1,0
12,24.72,46.67,2014/01/01,16.63,12.0,2.56,4.44,3.63,,24°72 46°67 2014/01/01 16°63 I2 02°56 04°44 03°63,0,,negative,0,0.038569175596563456,1,0
12,26.35,43.95,2014/01/01,16.75,13.0,2.74,4.44,3.49,,26°35 43°95 2014/o1/o1 16°75 13 02°74 04°44 03°49,0,,negative,0,0.04029854374054442,1,0
12,27.52,41.7,2014/01/01,16.86,14.0,2.87,4.44,3.39,,27°52 41°70 2014/o1/o1 16°86 14 02°87 04°44 03°39,0,,negative,0,0.0416030005483978,1,0
12,28.4,36.73,2014/01/01,17.16,15.0,3.1,4.49,3.25,,28-40 36°73 2014/01/01 17'16 15 03°10 04°49 03°25,0,,negative,0,0.04434688615747858,1,0
12,25.25,45.25,2014/01/01,16.70,12.0,2.63,4.44,3.58,,25°25 45°25 2014/01/O1 16°70 12 02°63 04°44 03°58,0,,negative,0,0.0392204774143425,1,0
12,25.62,45.62,2014/01/01,16.66,12.0,2.64,4.43,3.56,,25°62 45°62 2014/o1/o1 16°66 I2 02°64 04°43 03°56,0,,negative,0,0.03924924178062002,1,0
12,26.37,49.82,2014/01/01,16.36,12.0,2.52,4.38,3.58,,26°37 49°82 2014/01/01 16°36 12 02°52 04°38 03°58,0,,negative,0,0.03782299601801938,1,0
12,21.42,39.83,2014/03/01,20.67,14.0,3.38,4.96,3.63,,21°42 39°83 2014/03/01 20°67 14 03°38 04°96 03°63,0,,negative,0,0.051154340976022256,1,0
12,24.72,46.67,2014/03/01,20.18,14.0,3.3,4.74,3.41,,24°72 46°67 2014/03/01 20°18 14 03°30 04°74 03°41,0,,negative,0,0.04841670599200877,1,0
12,26.35,43.95,2014/03/01,20.35,15.0,3.49,4.78,3.28,,26°35 43°95 2014/03/01 20°35 15 03°49 04°78 03°28,0,,negative,0,0.05101723550197235,1,0
12,25.25,45.25,2014/03/01,20.27,15.0,3.38,4.77,3.37,,25°25 45°25 2014/03/01 20°27 15 03°38 = 04°77 03°37,0,,negative,0,0.04962638797981449,1,0
12,25.62,45.62,2014/03/01,20.24,15.0,3.39,4.76,3.34,,25°62 45°62 2014/03/01 20°24 15 03°39 04:76 03°34,0,,negative,0,0.0496623895781551,1,0
12,26.37,49.82,2014/03/01,19.96,14.0,3.27,4.65,3.31,,26°37 49°82 2014/03/01 19°96 14 03°27 04°65 03°31,0,,negative,0,0.04736794098098915,1,0
12,21.42,39.83,2014/04/29,09.52,17.0,3.93,4.31,1.76,,21°42 39°83 2014/04/29 09°52 17 03°93 04°31 01°76,0,,negative,0,0.05249518583678942,1,0
12,24.39,39.63,2014/04/29,09.59,18.0,3.86,4.36,2.03,,24°39 39°63 2014/04/29 09°59 18 03°86 04°36 02°03,0,,negative,0,0.05210196176609459,1,0
12,28.4,36.73,2014/04/29,09.87,18.0,3.84,4.53,2.41,,28-40 36°73 2014/04/29 09°87 18 03°84 04°53 02°41,0,,negative,0,0.05331841579026807,1,0
12,25.25,45.25,2014/04/29,09.24,17.0,3.66,4.19,2.06,,25°25 45°25 2014/04/29 09°24 17 03°66 04°19 02°06,0,,negative,0,0.04829044850364327,1,0
12,25.62,45.62,2014/04/29,09.22,17.0,3.63,4.19,2.09,,25°62 45°62 2014/04/29 09°22 17 03°63 04°19 02°09,0,,negative,0,0.04794842672076736,1,0
12,26.35,43.95,2014/07/27,17.21,8.0,1.81,8.91,8.72,,26°35 43°95 2014/07/27 17°21 08 OI°8I 08-9I 08-72,0,,negative,0,0.06694583421888245,1,0
12,21.42,39.83,2014/09/24,09.03,5.0,1.28,4.05,3.84,,21°42 39°83 2014/09/24 09°03 05 O1°28 04°05 03°84,0,,negative,0,0.026393331716322684,1,0
12,24.72,46.67,2014/09/24,08.57,4.0,0.9,3.91,3.81,,24°72 46°67 2014/09/24 08°57 04 00:90 03°91 03°81,0,,negative,0,0.023487882055029243,1,0
12,26.35,43.95,2014/09/24,08.75,3.0,0.84,4.01,3.92,,26°35 43°95 2014/09/24 08°75 03 00°84 04-01 03°92,0,,negative,0,0.023521525035671682,1,0
12,27.52,41.7,2014/09/24,08.90,3.0,0.82,4.08,4.0,,27°52 41°70 2014/09/24 08-90 03 00°82 04°08 04°00,0,,negative,0,0.023685237627459083,1,0
12,28.4,36.73,2014/09/24,09.23,4.0,0.86,4.22,4.14,,28°40 36°73 2014/09/24 09°23 04 00°86 04°22 04°14,0,,negative,0,0.024507727175811112,1,0
12,25.62,45.62,2014/09/24,08.64,3.0,0.86,3.95,3.86,,25°62 45°62 2014/09/24 08:64 03 00°86 03°95 03°86,0,,negative,0,0.023398324269520834,1,0
12,26.35,43.95,2014/11/22,01.67,10.0,2.08,2.98,2.13,,26°35 43°95 2014/11/22 O1°67 10 02°08 02°98 02°13,0,,negative,0,0.026879262952484665,1,0
12,27.52,41.7,2014/11/22,01.78,10.0,2.17,2.97,2.03,,27°52 41°70 2014/11/22 O1°78 10 02°17 02°97 02°03,0,,negative,0,0.02742538633075001,1,0
12,26.35,43.95,2015/01/20,011.40,5.0,1.22,4.54,4.37,,26°35 43°95 2015/01/20 O1I°40 O05 OI°22 04°54 04°37,0,,negative,0,0.028243059704154454,1,0
12,27.52,41.7,2015/01/20,01.51,6.0,1.38,4.52,4.31,,27°52 41°70 2015/01/20 OI'51 06 01°38 04°52 04°31,0,,negative,0,0.029283061668638526,1,0
12,28.4,36.73,2015/01/20,01.82,7.0,1.61,4.51,4.21,,28°40 36°73 2015/01/20 O1°82 O07 O1-61 O4°51 04°21,0,,negative,0,0.0309289844365287,1,0
12,25.25,45.25,2015/01/20,01.34,4.0,1.1,4.56,4.43,,25°25 45°25 2015/01/20 01°34 O4 OI-10 04°56 04°43,0,,negative,0,0.027504010797249633,1,0
12,26.37,49.82,2015/01/20,01.00,4.0,11.0,4.55,4.44,,26°37 49°82 2015/01/20 OI‘0O O4 O1I:00 04°55 04°44,0,,negative,0,0.24915687555029703,1,0
12,28.4,36.73,2015/03/20,06.13,13.0,2.81,2.83,0.29,,28°40 36°73 2015/03/20 06°13 13 02°81 02°83 00°29,0,,negative,0,0.031347726723255205,1,0
12,21.42,39.83,2015/05/18,11.67,21.0,4.68,7.04,5.27,,21°42 39°83 2015/05/18 11°67 21 04°68 07°04 05°27,0,,negative,0,0.09693044253568334,1,0
12,24.39,39.63,2015/05/18,11.76,21.0,4.43,7.12,5.58,,24°39 39°63 2015/05/18 11-76 21 04°43 07-12 05°58,0,,negative,0,0.09277408615389367,1,0
12,24.72,46.67,2015/05/18,11.30,19.0,4.16,6.92,5.54,,24°72 46°67 2015/05/18 11°30 19 04°16 06:92 05°54,0,,negative,0,0.08442670186934961,1,0
12,26.35,43.95,2015/05/18,11.53,19.0,4.1,7.04,5.73,,26°35 43°95 2015/05/18 11°53 19 04°10 07°04 05°73,0,,negative,0,0.08487435822228194,1,0
12,25.25,45.25,2015/05/18,11.41,19.0,4.16,6.98,5.61,,25°25 45°25 2015/05/18 II-4I 19 04°16 06°98 05°61,0,,negative,0,0.0852306447685589,1,0
12,25.62,45.62,2015/05/18,11.40,19.0,4.11,6.98,5.64,,25°62 45°62 2015/05/18 II°40 19 O4°II 06:98 05°64,0,,negative,0,0.08426533422460022,1,0
12,26.37,49.82,2015/05/18,11.14,18.0,3.9,6.87,5.66,,26°37 49°82 2015/05/18 II‘I4 18 03°90 06°87 05°66,0,,negative,0,0.078864852003512,1,0
12,21.42,39.83,2015/09/13,08.75,6.0,1.55,3.56,3.2,,21°42 39°83 2015/09/13 08°75 06 O1'55 03°56 03°20,0,,negative,0,0.02597241449607553,1,0
