Page,Lat_deg,Long_deg,Date_UT,Age_hrs,Lag_min,ARCV_deg,ARCL_deg,DAZ_deg,Means,raw_ocr_line
5,23.55,46.39,1988/03/19,37.05,93,20.34,20.49,02.55,N,23°55 46°39 1988/03/19 37°05 93 20°34 20°49 02°55 N
5,19.52,42.22,1988/04/17,27.49,65,14.15,14.83,04.49,T,19°52 42°22 1988/04/17 27°49 65 14°15 14°83 0449 T
5,23.56,46.93,1988/04/17,27.28,68,14.34,14.70,03.27,T,23°56 46°93 1988/04/17 27°28 68 14°34 14°70 03:27 T
5,28.40,36.73,1989/03/08,21.31,56,11.90,11.97,OI-II,T,28°40 36°73 1989/03/08 21°31 56 II‘90 I1‘97 OI-‘II T
5,28.40,36.73,1990/02/26,30.61,77,16.36,16.41,01.33,N,28:40 36°73 1990/02/26 30°61 77 16°36 16°41 01°33 N
5,26.45,36.38,1990/03/27,20.01,51,10.99,11.67,03.95,T,26°45 36°38 1990/03/27 20°01 51 10°99 I1‘67 03°95 T
5,28.40,36.73,1990/03/27,20.00,53,IIII,11.65,03.54,N,28°40 36°73 1990/03/27 20:00 53 II‘II 11°65 03°54 N
5,28.40,36.73,1990/04/26,35.62,107,20.88,20.91,01.12,N,28°40 36°73 1990/04/26 35°62 107 20°88 20°91 OI-12 N
5,26.45,36.38,1990/06/23,21.60,55,10.94,11.84,04.54,T,26°45 36°38 1990/06/23 21°60 55 10°94 11°84 04°54 T
5,28.40,36.73,1991/04/15,20.35,54,11102,11.53,03.41,T,28°40 36°73 1991/04/15 20°35 54 I1I‘02 11°53 03°41 T
5,26.45,36.38,1991/05/15,35.64,IOI,19.98,20.11,02.27,N,26°45 36°38 1991/05/15 35°64 IOI 19°98 20°11 02°27 N
5,28.40,36.73,1992/03/05,26.02,56,11.90,12.49,03.82,N,28:40 36°73 1992/03/05 26:02 56 II‘90 12°49 03°82 N
5,28.40,36.73,1992/06/02,36.01,89,17.62,19.57,08.65,N,28°40 36°73 1992/06/02 36°01 89 17°62 19°57 08°65 N
5,26.45,36.38,1992/07/01,20.94,55,11.42,15.90,01.14,N,26°45 36°38 1992/07/01 20°94 55 11°42 15°90 OI°I4 N
5,21.42,39.83,1993/12/14,29.23,72,14.71,15.31,04.28,N,21°42 39°83 1993/12/14 29°23 72 14°71 15°31 04°28 N
5,28.40,36.73,1993/01/23,20.64,46,09.45,09.53,0r-23.,COT,28°40 36°73 1993/01/23 20°64 46 09°45 09°53 or-23. COT
5,28.40,36.73,1993/02/22,26.39,55,11.62,12.12,03.46,T,28°40 36°73 1993/02/22 26°39 55 11°62 I2°I2 03°46 T
5,21.42,39.83,1993/12/14,29.23,72,14.71,15.31,04.28,N,21°42 39°83 1993/12/14 29°23 72 14°71 15°31 04°28 N
5,24.60,46.45,1998/10/21,28.22,53,11.46,12.86,05.87,N,24°60 46°45 1998/10/21 28°22 53 11°46 12°86 05°87 N
5,27.52,41.70,1998/12/20,40.20,89,16.95,18.35,07.13,N,27°52 41°70 1998/12/20 40°20 89 16°95 18°35 07°13 N
5,26.35,43.95,1999/01/18,22.83,52,10.44,10.65,02.13,T,26°35 43°95 1999/01/18 22°83 52 10°44 10°65 02°13 T
5,24.60,46.50,1999/03/18,20.27,48,10.54,11.30,04.11,T,24°60 46°50 1999/03/18 20°27 48 10°54 II°30 O4'II T
5,26.35,43.95,1999/10/10,27.12,53,11.41,13.15,06.58,N,26°35 43°95 1999/10/10 27°12 53 II°41 13°15 06°58 N
5,24.60,46.45,2000/03/07,34.01,74,16.12,17.00,05.26,N,24:60 46°45 2000/03/07 34°01 74 16°12 17:00 05°26 N
5,21.42,39.83,2000/09/28,19.30,44,IO.IO,10.77,03.75,T,21°42 39°83 2000/09/28 19°30 44 IO°IO 10°77 03°75 T
5,27.52,41.70,2000/12/26,21.08,40,07.69,08.86,04.40,T,27°52 41°70 2000/12/26 21:08 40 07°69 08°86 04°40 T
5,21.42,39.83,2001/01/25,25.99,49,10.31,11.23,04.46,T,21°42 39°83 2001/01/25 25°99 49 10°31 11°23 04°46 T
5,24.60,46.45,2001/01/25,25.46,48,09.80,11.02,05.05,T,24°60 46°45 2001/01/25 25°46 48 09°80 II°02 05°05 T
5,28.40,36.73,2001/02/24,31.14,62,12.77,14.31,06.53,N,28°40 36°73 2001/02/24 31°14 62 12°77 14°31 06°53 N
5,28.40,36.73,2001/04/24,24.64,52,10.81,12.42,06.14,N,28:40 36°73 2001/04/24 24°64 52 10°81 12°42 06-14 N
5,21.42,39.83,2001/04/24,24.29,51,111.31,12.21,04.62,N,21°42 39°83 2001/04/24 24°29 51 I1I°31 12°21 04°62 N
5,21.42,39.83,2001/06/22,28.13,67,14.09,15.21,05.78,N,21°42 39°83 2001/06/22 28°13 67 14°09 15°21 05°78 N
5,27.52,41.70,2001/11/16,31.68,64,12.39,16.21,10.53,N,27°52 41°70 2001/11/16 31°68 64 12°39 16°21 10°53 N
5,24.60,46.45,2002/01/14,24.96,48,09.53,11.51,06.49,N,24°60 46°45 2002/01/14 24°96 48 09°53 II°51 06°49 N
5,27.52,41.70,2002/02/13,31.37,61,12.52,14.34,07.06,N,27°52 41°70 2002/02/13 31°37 61 12°52 14°34 07°06 N
5,26.35,43.95,2002/10/07,27.45,57,12.26,16.00,10.36,N,26°35 43°95 2002/10/07 27°45 57 12°26 16-00 10°36 N
5,27.52,41.70,2002/11/05,17.88,36,07.41,09.90,06.58,T,27°52 41°70 2002/11/05 17°88 36 07°41 09:90 06°58 T
5,26.35,43.95,2003/02/02,28.16,59,11.85,14.08,07.66,N,26°35 43°95 2003/02/02 28-16 59 11°85 14°08 07°66 N
5,27.52,41.70,2003/02/02,28.13,59,11.74,14.14,07.94,N,27°52 41°70 2003/02/02 28-13 59 11°74 14°14 07°94 N
5,21.42,39.83,2003/02/02,28.17,60,12.86,14.22,06.50,N,21°42 39°83 2003/02/02 28°17 60 12°86 14°22 06°50 N
5,28.40,36.70,2003/02/02,28.16,60,11.76,14.29,08.19,N,28°40 36°70 2003/02/02 28-16 60 11°76 14°29 08-19 N
5,24.60,46.45,2003/02/02,28.13,59,12.03,14.01,07.23,N,24:60 46°45 2003/02/02 28°13 59 12°03 I4‘OI 07°23 N
5,28.40,36.73,2003/08/28,22.55,49,10.52,12.36,06.52,T,28°40 36°73 2003/08/28 22°55 49 10°52 12°36 06°52 T
5,27.52,41.70,2003/09/27,35.93,65,13.79,20.04,14.68,N,27°52 41°70 2003/09/27 35°93 65 13°79 20°04 14°68 N
5,21.42,39.83,2003/09/27,36.06,68,15.30,20.30,13.12,N,21°42 39°83 2003/09/27 36°06 68 15°30 20°30 13°12 N
5,26.35,43.95,2003/09/27,35.78,65,14.04,19.94,14.31,N,26°35 43°95 2003/09/27 35°78 65 14:04 19°94 14°31 N
5,28.40,36.73,2003/09/27,36.26,65,13.67,20.23,15.07,N,28:40 36°73 2003/09/27 36°26 65 13°67 20°23 15'O7 N
5,27.52,41.70,2003/10/26,25.74,46,09.39,14.55,11.17,T,27°52 41°70 2003/10/26 25°74 46 09°39 14°55 II-17 T
5,28.40,36.73,2003/12/24,28.99,65,11.48,16.86,12.43,N,28°40 36°73 2003/12/24 28°99 65 11°48 16°86 12°43 N
5,21.42,39.83,2003/12/24,29.03,68,13.05,16.81,10.68,N,21°42 39°83 2003/12/24 29°03 68 13°05 16°81 10°68 N
5,26.35,43.95,2003/12/24,28.59,65,11.76,16.61,11.81,N,26°35 43°95 2003/12/24 28°59 65 11°76 16°61 11-81 N
5,24.60,46.45,2004/01/23,41.46,103,20.37,22.79,10.45,N,24°60 46°45 2004/01/23 41°46 103 20°37 22°79 10°45 N
5,27.52,41.70,2004/01/23,41.69,104,19.89,22.93,11.66,N,27°52 41°70 2004/01/23 41°69 104 19°89 22°93 11°66 N
5,26.35,43.95,2004/01/23,41.58,103,20.08,22.87,11.18,N,26°35 43°95 2004/01/23 41°58 103 20°08 22°87 II‘18 N
5,28.40,36.73,2004/01/23,42.00,105,19.85,23.10,12.06,N,28°40 36°73 2004/01/23 42:00 105 19°85 23°10 12°06 N
5,21.42,39.83,2004/05/20,35.04,75,15.35,15.35,00.08,)6-UN,21°42 39°83 2004/05/20 35°04 75 15°35 15°35 00:08 )=6— UN
5,,39.63,2004/06/18,19.76,46,,,00.16,T,39°63 2004/06/18 19°76 46 00-16 T
6,24.60,46.45,2004/06/19,43.31,95,18.86,19.42,,04.73N,24:60 46°45 2004/06/19 43°31 95 18°86 19°42 04°73 N
6,27.52,41.70,2004/08/17,38.42,67,14.49,18.38,,11.43N,27°52 41°70 2004/08/17 38-42 67 14°49 18°38 11°43 N
6,28.40,36.73,2004/09/15,25.15,41,08.91,9.05,,01.56T,28-40 36°73 2004/09/15 25°15 4I 08-91 9°05 O1°56 T
6,21.42,39.83,2004/09/16,48.92,78,17.63,21.03,,11.66N,21°42 39°83 2004/09/16 48°92 78 17°63 21°03 11°66 N
6,28.40,36.73,2005/01/11,26.88,67,12.19,16.11,,10.61N,28°40 36°73 2005/01/II 26°88 67 I2‘19 16°11 10°61 N
6,24.54,39.63,2005/02/09,16.74,40,8.39,09.88,,05.22T,24°54 39°63 2005/02/09 16°74 40 8°39 09°88 05°22 T
6,21.42,39.83,2005/08/06,21.19,64,14.30,16.36,,08.03N,21°42 39°83 2005/08/06 21°19 64 14°30 16°36 08:03 N
6,24.60,46.45,2005/08/06,20.83,63,13.69,16.22,,08.79N,24:60 46°45 2005/08/06 20°83 63 13°69 16:22 08:79 N
6,26.35,43.95,2005/08/06,21.04,63,13.46,16.33,,09.33N,26°35 43°95 2005/08/06 21°04 63 13°46 16°33 09°33 N
6,24.54,39.63,2005/09/05,44.34,61,13.76,13.77,,0.40N,24°54 39°63 2005/09/05 44°34 61 13°76 13°77 0-40 N
6,26.35,43.95,2005/11/03,37.33,51,09.65,18.90,,16.33N,"26°35 43°95 2005/11/03 37°33 51 09°65 18-90 16°33, N"
6,27.52,41.70,2005/11/03,37.45,50,09.34,18.98,,16.59N,27°52 41°70 2005/11/03 37°45 50 09°34 18°98 16:59 N
6,21.42,39.83,2006/01/01,48.59,89,17.09,20.33,,1119N,21°42 39°83 2006/o1/O1 48°59 89 17°09 20°33 II‘19 N
6,24.54,39.63,2006/01/01,48.50,88,16.34,20.31,,12.23N,24°54 39°63 2006/o1/O1 48°50 88 16°34 20°31 12°23 N
6,24.54,39.63,2006/02/28,14.88,36,07.91,08.11,,01.81T,24°54 39°63 2006/02/28 14°88 36 07°91 O8-II O1-81 T
6,28.40,36.73,2006/07/26,35.94,64,13.33,16.44,,09.70N,28°40 36°73 2006/07/26 35°94 64 13°33 16°44 09°70 N
6,26.35,43.95,2006/12/21,24.27,43,07.83,12.81,,10.17T,26°35 43°95 2006/12/21 24°27 43 07°83 12°81 10°17 T
6,27.52,41.70,2006/12/22,48.38,108,18.71,24.82,,16.62N,27°52 41°70 2006/12/22 48°38 108 18°71 24°82 16°62 N
6,21.42,39.83,2007/08/14,40.83,60,13.81,19.35,,13.69N,21°42 39°83 2007/08/14 40°83 60 13'81 19°35 13°69 N
6,28.40,36.73,2008/08/02,29.81,47,10.02,16.07,,12.63N,28-40 36°73 2008/08/02 29°81 A7 10:02 16:07 12°63 N
6,27.52,41.70,2008/12/29,50.43,102,19.00,21.89,,1109N,27°52 41°70 2008/12/29 50°43 102 19°00 21°89 II‘09 N
6,24.54,39.63,2009/01/27,31.14,65,13.56,13.64,,01.53N,24°54 39°63 2009/01/27 31°14 65 13°56 13°64 01°53 N
6,26.35,43.95,2009/01/27,30.80,65,13.34,13.49,,02.00N,26°35 43°95 2009/01/27 30°80 65 13°34 13°49 02:00 N
6,27.52,41.70,2009/01/27,30.92,66,13.35,13.55,,02.32N,27°52 41°70 2009/01/27 30°92 66 13°35 13°55 02°32 N
6,27.52,41.70,2009/04/26,36.36,IOI,19.88,19.93,,01.41N,27°52 41°70 2009/04/26 36°36 IOI 19°88 19°93 OI-4I N
6,24.60,46.45,2009/07/23,37.14,66,14.62,21.36,,15.74N,24:60 46°45 2009/07/23 37°14 66 14°62 21°36 15°74 N
6,26.35,43.95,2009/07/23,37.36,65,14.18,21.51,,16.34N,26°35 43°95 2009/07/23 37°36 65 14°18 21°51 16°34 N
6,24.60,46.45,2009/08/21,29.36,36,08.18,14.67,,12.22T,24°60 46°45 2009/08/21 29°36 36 08-18 14°67 12°22 T
6,26.35,43.95,2009/10/19,32.99,35,06.99,17.47,,16.058T,26°35 43°95 2009/10/19 32°99 35 06:99 17°47 16-05 §8T
6,26.35,43.95,2009/11/18,42.85,70,12.74,20.57,,16.28N,26°35 43°95 2009/11/18 42°85 70 12°74 20°57 16°28 N
6,25.62,45.62,2009/11/18,42.88,70,12.92,20.52,,16.07N,25°62 45°62 2009/11/18 42°88 70 12°92 20°52 16°07 N
6,25.62,45.62,2009/12/17,26.13,48,09.09,111.50,,07.07T,25°62 45°62 2009/12/17 26°13 48 09:09 I1I°50 07:07 T
6,25.25,45.25,2009/12/17,26.17,48,09.16,11.51,,07.01T,25°25 45°25 2009/12/17 26°17 48 09°16 II‘51 O7°OI T
6,28.40,36.73,2010/04/15,27.49,65,13.21,13.51,,02.85N,28°40 36°73 2010/04/15 27°49 65 13°21 13°51 02°85 N
6,24.54,39.63,2010/04/15,27.24,61,12.85,13.40,,03.84N,24°54 39°63 2010/04/15 27°24 61 12°85 13°40 03°84 N
6,24.54,39.63,2010/06/13,28.94,68,13.87,15.22,,06.34N,24°54 39°63 2010/06/13 28°94 68 13°87 15°22 06°34 N
6,26.35,43.95,2010/06/13,28.72,67,13.53,15.11,,06.79N,26°35 43°95 2010/06/13 28°72 67 13°53 I5‘1I 06°79 N
6,28.40,36.73,2010/06/13,29.28,68,13.50,15.44,,07.55N,28-40 36°73 2010/06/13 29°28 68 13°50 15°44 07°55 N
6,25.25,45.25,2010/06/13,28.59,67,13.61,15.03,,06.44N,25°25 45°25 2010/06/13 28°59 67 13°61 15°03 06°44 N
6,28.40,36.73,2010/08/11,37.13,48,10.37,18.98,,15.99T,28°40 36°73 2010/08/11 37°13 48 10°37 18:98 15°99 T
6,26.37,49.82,2010/08/11,36.21,48,10.74,19.30,,16.13N,26°37 49°82 2010/08/II 36-21 48 10°74 19°30 16°13 N
6,24.39,39.63,2010/10/09,44.27,65,13.08,25.29,,21.83N,24°39 39°63 2010/10/09 44°27 65 13°08 25°29 21°83 N
6,24.60,46.45,2010/10/09,43.82,63,12.83,25.04,,21.69N,24:60 46°45 2010/10/09 43°82 63 12°83 25°04 21°69 N
6,26.35,43.95,2010/10/09,43.97,61,12.23,25.15,,22.14N,26°35 43°95 2010/10/09 43°97 61 12°23 25°15 22°14 N
6,25.25,45.25,2010/10/09,43.89,63,12.62,25.09,,21.87N,25°25 45°25 2010/10/09 43°89 63 12°62 25°09 21°87 N
6,26.37,49.82,2010/10/09,43.58,61,12.08,24.93,,21.98N,26°37 49°82 2010/10/09 43°58 61 12°08 24°93 21°98 N
6,25.62,45.62,2010/10/09,43.86,62,12.47,25.08,,21.94N,25°62 45°62 2010/10/09 43°86 62 12°47 25°08 21°94 N
6,27.52,41.70,2010/11/07,33.57,53,10.06,18.09,,1511T,27°52 41°70 2010/11/07 33°57 53 10°06 18°09 I5‘1I T
6,21.42,39.83,2010/11/07,33.83,59,11.77,18.15,,13.92N,21°42 39°83 2010/11/07 33°83 59 11°77 18°15 13°92 N
6,24.39,39.63,2010/11/07,33.78,56,10.99,18.16,,14.55N,24°39 39°63 2010/11/07 33°78 56 10°99 18°16 14°55 N
6,24.60,46.45,2010/11/07,33.32,55,10.74,17.92,,14.44N,24°60 46°45 2010/11/07 33°32 55 10°74 17°92 14°44 N
6,26.35,43.95,2010/11/07,33.44,54,10.32,18-.01,,14.84T,26°35 43°95 2010/11/07 33°44 54 10°32 18-°OI 14°84 T
6,25.25,45.25,2010/11/07,33.38,54,10.59,17.97,,14.59T,25°25 45°25 2010/11/07 33°38 54 10°59 17°97 14°59 T
6,24.39,39.63,2010/12/06,20.51,40,07.87,10.20,,06.50T,24°39 39°63 2010/12/06 20°51 40 07°87 10°20 06°50 T
6,24.60,46.45,2010/12/06,20.05,39,07.64,09.97,,06.42T,24°60 46°45 2010/12/06 20°05 39 07°64 09°97 06°42 T
6,25.62,45.62,2010/12/06,20.07,39,07.52,09.99,,06.59T,25°62 45°62 2010/12/06 20:07 39 07°52 09:99 06°59 T
6,24.39,39.63,2011/01/05,29.28,67,13.50,13.75,,02.67N,24°39 39°63 2011/01/05 29°28 67 13°50 13°75 02°67 N
6,24.60,46.45,2011/01/05,29.82,66,13.27,13.54,,02.68N,24°60 46°45 2011/01/05 29°82 66 13°27 13°54 02°68 N
6,24.39,39.63,2011/04/04,24.80,50,10.70,11.43,,04.04T,24°39 39°63 2011/04/04 24°80 50 10:70 11°43 04:04 T
6,21.42,39.83,2011/05/04,32.74,70,14.74,14.76,,00.79N,21°42 39°83 2011/05/04 32°74 70 14°74 14°76 00°79 N
7,27.52,41.70,2011/05/04,32.76,74,14.74,14.77,01-.000,N,27°52 41°70 2011/05/04 32°76 74 14°74 14°77 OI-°00O N
7,21.42,39.83,2011/07/02,31.46,56,12.10,15.96,10.48,N,21°42 39°83 2011/07/02 31°46 56 12-10 15°96 10°48 N
7,24.39,39.63,2011/07/02,31.57,54,11.53,16.05,11.24,N,24°39 39°63 2011/07/02 31°57 54 11°53 16°05 II-24 N
7,24.60,46.45,2011/07/02,31.12,53,11.30,15.82,11.14,N,24°60 46°45 2011/07/02 31°12 53 11°30 15°82 II‘I4 N
7,28.40,36.73,2011/07/02,31.91,52,10.76,16.28,12.29,T,28°40 36°73 2011/07/02 31°91 52 10°76 16°28 12°29 T
7,25.62,45.62,2011/07/02,31.22,53,11.12,15.88,11.41,N,25°62 45°62 2011/07/02 31°22 53 II-12 15°88 II-41 N
7,26.37,49.82,2011/08/30,35.99,41,09.07,09.22,01.70,T,26°37 49°82 2011/08/30 35°99 4I 09:07 09:22 01-70 T
7,24.60,46.45,2011/09/28,27.60,32,06.98,16.55,15.04,T,24°60 46°45 2011/09/28 27°60 32 06°98 16°55 15°04 T
7,21.42,39.83,2011/10/28,48.86,84,16.90,24.63,18.19,N,21°42 39°83 2011/10/28 48°86 84 16:90 24°63 18-19 N
7,24.39,39.63,2011/10/28,48.82,82,15.90,24.64,19.07,N,24°39 39°63 2011/10/28 48°82 82 15°90 24°64 19°07 N
7,24.60,46.45,2011/10/28,48.36,80,15.63,24.38,18.95,N,24°60 46°45 2011/10/28 48°36 80 15°63 24°38 18°95 N
7,28.40,36.73,2011/10/28,48.94,78,14.56,24.75,20.24,N,28-40 36°73 2011/10/28 48:94 78 14°56 24°75 20°24 N
7,25.25,45.25,2011/10/28,48.43,80,15.44,24.42,19.16,N,25°25 45°25 2011/10/28 48°43 80 15°44 24°42 19°16 N
7,25.62,45.62,2011/10/28,48.40,79,15.30,24.41,19.25,N,25°62 45°62 2011/10/28 48°40 79 15°30 24°41 19°25 N
7,26.37,49.82,2011/10/28,48.10,78,14.93,24.25,19.34,N,26°37 49°82 2011/10/28 48-10 78 14°93 24°25 19°34 N
7,24.60,46.45,2011/11/26,31.92,73,4.12,17.56,10.55,N,24°60 46°45 2011/11/26 31°92 73 4°12 17°56 10°55 N
7,28.40,36.73,2011/11/26,32.45,74,13.57,17.90,11.78,N,28°40 36°73 2011/11/26 32°45 74 13°57 17°90 11°78 N
7,25.25,45.25,2011/11/26,31.98,73,14.02,17.60,10.75,N,25°25 45°25 2011/11/26 31:98 73 14°02 17°60 10°75 N
7,25.62,45.62,2011/11/26,31.95,73,13.93,17.59,10.84,N,25°62 45°62 2011/11/26 31°95 73 13°93 17°59 10°84 N
7,24.39,39.63,2011/12/25,20.57,52,10.49,10.73,02.29,T,24°39 39°63 2011/12/25 20°57 52 10°49 10°73 02°29 T
7,24.60,46.45,2011/12/25,20.10,51,10.24,10.48,02.25,T,24°60 46°45 2011/12/25 20°10 51 10°24 10°48 02°25 T
7,26.35,43.95,2011/12/25,20.21,52,10.21,10.55,02.65,T,26°35 43°95 2011/12/25 20°21 52 10°21 10°55 02°65 T
7,28.40,36.73,2011/12/25,20.61,54,10.30,10.77,03.18,T,28°40 36°73 2011/12/25 20°61 54 10°30 10°77 03°18 T
7,25.25,45.25,2011/12/25,20.16,51,10.24,10.52,02.40,T,25°25 45°25 2011/12/25 20°16 51 10:24 10°52 02°40 T
7,25.62,45.62,2011/12/25,20.12,51,10.21,10.50,02.48,T,25°62 45°62 2011/12/25 20°12 51 10°21 10°50 02°48 T
7,21.42,39.83,2012/01/24,31.43,72,15.80,15.97,02.33,N,21°42 39°83 2012/01/24 31°43 72 15°80 15°97 02°33 N
7,24.60,46.45,2012/01/24,30.90,74,15.64,15.70,01.36,N,24°60 46°45 2012/01/24 30°90 74 15°64 15°70 01:36 N
7,25.25,45.25,2012/01/24,30.96,74,15.69,15.73,01.15,N,25°25 45°25 2012/01/24 30°96 74 15°69 15°73 OI‘15 N
7,25.62,45.62,2012/01/24,30.93,75,15.68,15.72,01.04,N,25°62 45°62 2012/01/24 30°93 75 15°68 15°72 O1:04 N
7,24.39,39.63,2012/04/22,32.47,66,13.90,13.90,00.26,N,24°39 39°63 2012/04/22 32°47 66 13°90 13°90 00°26 N
7,21.42,39.83,2012/07/20,35.68,48,10.74,17.87,14.36,N,21°42 39°83 2012/07/20 35°68 48 10°74 17°87 14°36 N
7,24.60,46.45,2012/07/20,35.33,44,09.74,17.74,14.990,N,24°60 46°45 2012/07/20 35°33 44 09°74 17°74 14°990 N
7,24.39,39.63,2012/07/20,35.78,45,09.96,17.95,150r,N,24°39 39°63 2012/07/20 35°78 45 09°96 17°95 I5or N
7,26.35,43.95,2012/07/20,35.56,43,09.32,17.87,15.31,T,26°35 43°95 2012/07/20 35°56 43 09°32 17°87 15°31 T
7,25.62,45.62,2012/07/20,35.42,43,09.49,17.80,15.13,T,25°62 45°62 2012/07/20 35°42 43 09°49 17°80 15°13 T
7,21.42,39.83,2012/09/17,37.18,50,11.25,16.73,12.46,N,21°42 39°83 2012/09/17 37°18 50 11°25 16°73 12°46 N
7,24.60,46.45,2012/09/17,36.75,46,10.12,16.17,12.68,N,24°60 46°45 2012/09/17 36°75 46 IO'I2 16°17 12°68 N
7,26.35,43.95,2012/09/17,36.92,45,09.64,16.10,12.95,T,26°35 43°95 2012/09/17 36°92 45 09°64 16°10 12°95 T
7,25.25,45.25,2012/09/17,36.83,46,09.95,16.15,12.79,T,25°25 45°25 2012/09/17 36°83 46 09°95 16°15 12°79 T
7,26.37,49.82,2012/09/17,36.53,44,09.49,15.86,12.77.,OT,26°37 49°82 2012/09/17 36°53 44 09°49 15°86 12-77. OT
7,25.62,45.62,2012/09/17,36.81,45,09.83,16.10,12.82,T,25°62 45°62 2012/09/17 36°81 45 09°83 16°10 12°82 T
7,24.60,46.45,2012/10/16,26.40,40,08.49,14.85,12.23,T,24:60 46°45 2012/10/16 26°40 40 08-49 14°85 12°23 T
7,26.35,43.95,2012/10/16,26.54,39,08.17,14.95,12.57,T,26°35 43°95 2012/10/16 26°54 39 08-17 14°95 12°57 T
7,25.25,45.25,2012/10/16,26.47,40,08.38,14.90,12.36,T,25°25 45°25 2012/10/16 26°47 40 08°38 14°90 12°36 T
7,25.62,45.62,2012/10/16,26.44,40,08.28,14.89,12.41,T,25°62 45°62 2012/10/16 26°44 40 08-28 14°89 12°41 T
7,21.42,39.83,2012/11/15,39.51,97,19.33,23.26,13.19,N,21°42 39°83 2012/11/15 39°51 97 19°33 23°26 13°19 N
7,24.39,39.63,2012/11/15,39.45,96,18.55,23.25,14.27,N,24°39 39°63 2012/11/15 39°45 96 18°55 23°25 14°27 N
7,24.60,46.45,2012/11/15,38.99,95,18.28,22.98,14.18,N,24:60 46°45 2012/11/15 38-99 95 18-28 22°98 14°18 N
7,26.35,43.95,2012/11/15,39.11,95,17.87,23.07,14.84,N,26°35 43°95 2012/11/15 39°11 95 17°87 23°07 14°84 N
7,27.52,41.70,2012/11/15,39.22,95,17.60,23.15,15.29,N,27°52 41°70 2012/11/15 39°22 95 17°60 23°15 15°29 N
7,28.40,36.73,2012/11/15,39.53,95,17.48,23.34,15.71,N,28°40 36°73 2012/11/15 39°53 95 17°48 23°34 15°71 N
7,25.25,45.25,2012/11/15,39.05,95,18.14,23.03,14.43,N,25°25 45°25 2012/11/15 39°05 95 18-14 23°03 14°43 N
7,25.62,45.62,2012/11/15,39.02,95,18.03,23.01,14.55,N,25°62 45°62 2012/11/15 39°02 95 18°03 23°01 14°55 N
7,26.37,49.82,2012/11/15,38.71,93,17.68,22.84,14.70,N,26°37 49°82 2012/11/15 38°71 93 17°68 22°84 14°70 N
7,21.42,39.83,2012/12/14,29.99,82,16.65,17.23,04.51,N,21°42 39°83 2012/12/14 29°99 82 16°65 17°23 04°51 N
7,24.39,39.63,2012/12/14,29.90,82,16.31,17.19,05.50,N,24°39 39°63 2012/12/14 29°90 82 16°31 17°19 05°50 N
7,24.60,46.45,2012/12/14,29.44,81,16.05,16.92,05.46,N,24°60 46°45 2012/12/14 29°44 81 16°05 16°92 05°46 N
7,26.35,43.95,2012/12/14,29.54,82,15.90,16.99,06.06,N,26°35 43°95 2012/12/14 29°54 82 15°90 16°99 06°06 N
7,27.52,41.70,2012/12/14,29.65,83,15.82,17.07,06.48,N,27°52 41°70 2012/12/14 29°65 83 15°82 17°07 06°48 N
7,25.25,45.25,2012/12/14,29.50,82,16.00,16.96,05.69,N,25°25 45°25 2012/12/14 29°50 82 16-00 16°96 05°69 N
8,25.62,45.62,2013/01/12,18.71,53,10.87,10.94,,01.25T,25°62 45°62 2013/01/12 18°71 53 10°87 10°94 OI°25 T
8,26.37,49.82,2013/01/12,18.41,52,10.71,10.77,,01.113T,26°37 49°82 2013/01/12 18-41 52 10-71 10°77 OI°1I3 T
8,21.42,39.83,2013/02/11,31.94,75,16.72,17.20,,04.10N,21°42 39°83 2013/02/11 31°94 75 16°72 17°20 04°10 N
8,24.39,39.63,2013/02/11,31.90,77,16.89,17.17,,03.13N,24°39 39°63 2013/02/11 31°90 77 16°89 17°17 03°13 N
8,28.40,36.73,2013/02/11,32.01,81,17.13,17.22,,011.79N,28-40 36°73 2013/02/11 32-01 81 17°13 17°22 O1I°79 N
8,25.25,45.25,2013/02/11,31.51,77,16.72,16.96,,02.88N,25°25 45°25 2013/02/11 31°51 77 16°72 16°96 02°88 N
8,25.62,45.62,2013/02/11,31.47,77,16.73,16.95,,02.76N,25°62 45°62 2013/02/11 31°47 77 16°73 16°95 02°76 N
8,26.37,49.82,2013/02/11,31.18,77,16.61,16.79,,02.54N,26°37 49°82 2013/02/11 31-18 77 16°61 16°79 02°54 N
8,21.42,39.83,2013/04/11,30.06,62,13.61,13.65,,01.02N,21°42 39°83 2013/04/11 30°06 62 13°61 13°65 OI°O2 N
8,21.42,39.83,2013/10/06,38.52,61,13.24,19.63,,14.63N,21°42 39°83 2013/10/06 38°52 61 13°24 19°63 14°63 N
8,24.39,39.63,2013/10/06,38.48,59,12.46,19.66,,15.33N,24°39 39°63 2013/10/06 38°48 59 12°46 19°66 15°33 N
8,26.35,43.95,2013/10/06,38.92,60,11.82,19.52,,15.65N,26°35 43°95 2013/10/06 38-92 60 11°82 19°52 15°65 N
8,27.52,41.70,2013/10/06,38.31,56,11.55,19.61,,15.95N,27°52 41°70 2013/10/06 38°31 56 11°55 19°61 15°95 N
8,25.25,45.25,2013/10/06,38.40,57,12.09,19.47,,15.38N,25°25 45°25 2013/10/06 38-40 57 12:09 19°47 15°38 N
8,25.62,45.62,2013/10/06,38.40,57,11.98,19.46,,15.45N,25°62 45°62 2013/10/06 38°40 57 11°98 19°46 15°45 N
8,26.37,49.82,2013/10/06,38.29,56,11.67,19.32,,15.50N,26°37 49°82 2013/10/06 38°29 56 I1‘67 19°32 15°50 N
8,21.42,39.83,2013/11/04,25.88,54,11.25,13.74,,07.93N,21°42 39°83 2013/11/04 25°88 54 11°25 13°74 07°93 N
8,24.39,39.63,2013/11/04,25.83,52,10.79,13.74,,08.56T,24°39 39°63 2013/11/04 25°83 52 10°79 13°74 08:56 T
8,24.72,46.67,2013/11/04,25.35,51,10.53,13.47,,08.46T,24°72 46°67 2013/11/04 25°35 51 10°53 13°47 08°46 T
8,25.25,45.25,2013/11/04,25.35,51,10.48,13.52,,08.60T,25°25 45°25 2013/11/04 25°35 51 10°48 13°52 08:60 T
8,24.39,39.63,2013/12/03,14.18,39,07.92,08.10,,011.62T,24°39 39°63 2013/12/03 14°18 39 07°92 08-10 O1I°62 T
8,21.42,39.83,2014/01/02,27.62,78,16.34,16.34,,00.22N,21°42 39°83 2014/01/02 27°62 78 16°34 16°34 00°22 N
8,24.39,39.63,2014/01/02,27.50,79,16.25,16.29,,01.20N,24°39 39°63 2014/01/02 27°50 79 16°25 16°29 OI°20 N
8,24.72,46.67,2014/01/02,27.03,78,15.97,16.02,,0121N,24°72 46°67 2014/01/02 27°03 78 15°97 16°02 OI‘2I N
8,26.35,43.95,2014/01/02,27.04,80,15.99,16.09,,01.78N,26°35 43°95 2014/01/02 27°04 80 15°99 16°09 01°78 N
8,27.52,41.70,2014/01/02,27.58,81,16.01,16.16,,02.20N,27°52 41°70 2014/01/02 27°58 81 16°OI 16°16 02°20 N
8,28.40,36.73,2014/01/02,27.58,83,16.13,16.33,,02.56N,28-40 36°73 2014/01/02 27°58 83 16°13 16°33 02°56 N
8,25.25,45.25,2014/01/02,27.02,79,16.00,16.06,,01.41N,25°25 45°25 2014/01/02 27°02 79 16°00 16°06 OI-4I N
8,25.62,45.62,2014/01/02,27.02,79,15.97,16.04,,01.52N,25°62 45°62 2014/01/02 27°02 79 15°97 16°04 OI°52 N
8,26.37,49.82,2014/01/02,27.58,79,15.78,15.87,,011.70N,26°37 49°82 2014/01/02 27°58 79 15°78 15°87 O1I°70 N
8,24.39,39.63,2014/01/31,17.46,47,10.13,10.56,,03.01T,24°39 39°63 2014/01/31 17°46 47 10°13 10°56 03°01 T
8,24.72,46.67,2014/01/31,16.99,46,09.87,10.31,,03.00T,24°72 46°67 2014/01/31 16°99 46 09°87 10°31 03°00 T
8,26.35,43.95,2014/01/31,17.13,47,10.04,10.38,,02.65T,26°35 43°95 2014/01/31 17°13 47 10°04 10°38 02°65 T
8,25.25,45.25,2014/01/31,17.07,46,09.95,10.35,,02.88T,25°25 45°25 2014/01/31 17°07 46 09°95 10°35 02°88 T
8,25.62,45.62,2014/01/31,17.03,47,09.95,10.33,,02.81T,25°62 45°62 2014/01/31 17°03 47 09°95 10°33 02°81 T
8,21.42,39.83,2014/03/02,31.42,75,16.99,17.23,,02.94N,21°42 39°83 2014/03/02 31°42 75 16°99 17°23 02°94 N
8,24.72,46.67,2014/03/02,30.93,77,16.86,16.96,,01.90N,24°72 46°67 2014/03/02 30°93 77 16°86 16°96 OI-90 N
8,26.35,43.95,2014/03/02,30.94,78,16.99,17.05,,01.37N,26°35 43°95 2014/03/02 30°94 78 16°99 17°05 01:37 N
8,25.25,45.25,2014/03/02,30.94,77,16.92,17.01,,01.73N,25°25 45°25 2014/03/02 30°94 77 16°92 17°OI O1°73 N
8,25.62,45.62,2014/03/02,30.94,78,16.92,16.99,,01.61N,25°62 45°62 2014/03/02 30°94 78 16°92 16°99 OI°61 N
8,26.37,49.82,2014/03/02,31.14,77,16.78,16.83,,01.39N,26°37 49°82 2014/03/02 31°14 77 16°78 16°83 O1°39 N
8,21.42,39.83,2014/03/31,20.84,46,10.42,10.46,,00.89T,21°42 39°83 2014/03/31 20°84 46 10°42 10°46 00°89 T
8,24.39,39.63,2014/03/31,20.87,48,10.47,10.48,,00.30T,24°39 39°63 2014/03/31 20°87 48 10°47 10°48 00°30 T
8,21.42,39.83,2014/04/30,33.52,73,15.91,16.37,,03.91N,21°42 39°83 2014/04/30 33°52 73 I5‘91 16°37 03°91 N
8,24.39,39.63,2014/04/30,33.60,74,15.71,16.42,,04.83N,24°39 39°63 2014/04/30 33°60 74 15°71 16°42 04°83 N
8,28.40,36.73,2014/04/30,33.88,75,15.45,16.58,,06.10N,28°40 36°73 2014/04/30 33°88 75 15°45 16°58 06°10 N
8,25.25,45.25,2014/04/30,33.24,73,15.46,16.24,,05705N,25°25 45°25 2014/04/30 33°24 73 15°46 16°24 05705 N
8,25.62,45.62,2014/04/30,33.23,73,15.41,16.23,,05.16N,25°62 45°62 2014/04/30 33°23 73 15°41 16°23 05°16 N
8,21.42,39.83,2014/05/29,21.30,38,08.11,10.37,,06.48T,21°42 39°83 2014/05/29 21°30 38 O8-II 10°37 06°48 T
8,24.72,46.67,2014/05/29,20.95,36,07.54,10.25,,06.97T,24°72 46°67 2014/05/29 20°95 36 07°54 10°25 06:97 T
8,27.52,41.70,2014/05/29,21.37,36,07.33,10.47,,077508T,27°52 41°70 2014/05/29 21°37 36 07°33 10°47 07750 8T
8,25.62,45.62,2014/05/29,21.05,36,07.46,10.30,,07.13T,25°62 45°62 2014/05/29 21°05 36 07°46 10°30 07°13 T
8,26.37,49.82,2014/05/29,20.79,35,07.24,10.20,,07.20T,26°37 49°82 2014/05/29 20°79 35 07°24 10°20 07°20 T
8,26.35,43.95,2014/07/28,41.35,46,09.94,18.71,,15.930T,26°35 43°95 2014/07/28 41°35 46 09°94 18°71 15°93 «=oT
8,21.42,39.83,2014/09/25,33.01,44,10.01,14.90,,1110N,21°42 39°83 2014/09/25 33°01 44 10°OI 14°90 II‘1O N
8,24.72,46.67,2014/09/25,32.55,42,09.20,14.72,,11.55T,24°72 46°67 2014/09/25 32°55 42 09:20 14°72 11°55 T
8,26.35,43.95,2014/09/25,32.73,41,08.93,14.83,,rg90CsTT,26°35 43°95 2014/09/25 32°73 4I 08°93 14°83 rg90Cs TT
8,27.52,41.70,2014/09/25,32.88,41,08.73,14.91,,12.13T,27°52 41°70 2014/09/25 32°88 4I 08°73 14°91 12°13 T
8,28.40,36.73,2014/09/25,33.21,41,08.66,15.08,,12.39T,28-40 36°73 2014/09/25 33°21 4I 08-66 15:08 12°39 T
8,25.62,45.62,2014/09/25,32.62,41,09.04,14.77,,11.72N,25°62 45°62 2014/09/25 32°62 4I 09°04 14°77 11°72 N
9,27.52,41.70,2014/11/23,25.81,62,12.23,13.47,05.69,N,27°52 41°70 2014/11/23 25°81 62 12°23 13°47 05°69 N
9,21.42,39.83,2014/12/23,37.15,98,20.37,20.63,03.35,N,21°42 39°83 2014/12/23 37°15 98 20°37 20°63 03°35 N
9,24.72,46.67,2014/12/23,36.58,99,19.83,20.33,04.60,N,24°72 46°67 2014/12/23 36°58 99 19°83 20°33 04:60 N
9,26.35,43.95,2014/12/23,36.70,IOI,19.73,20.40,05.31,N,26°35 43°95 2014/12/23 36°70 IOI 19°73 20°40 05°31 N
9,27.52,41.70,2014/12/23,36.81,IOI,19.66,20.47,05.82,N,27°52 41°70 2014/12/23 36°81 IOI 19°66 20°47 05°82 N
9,28.40,36.73,2014/12/23,37.11,103,19.70,20.64,06.27,N,28°40 36°73 2014/12/23 37°11 103 19°70 20°64 06°27 N
9,25.25,45.25,2014/12/23,36.65,100,19.82,20.37,04.84,N,25°25 45°25 2014/12/23 36°65 100 19°82 20°37 04°84 N
9,25.62,45.62,2014/12/23,36.62,100,19.76,20.36,04.98,N,25°62 45°62 2014/12/23 36°62 I0O 19°76 20°36 04°98 N
9,26.37,49.82,2014/12/23,36.31,100,19.53,20.19,05.20,N,26°37 49°82 2014/12/23 36°31 100 19°53 20°19 05°20 N
9,21.42,39.83,2015/01/21,25.83,68,14.74,14.83,01.61,N,21°42 39°83 2015/01/21 25°83 68 14°74 14°83 OI°61 N
9,24.72,46.67,2015/01/21,25.28,69,14.50,14.52,00.72,N,24°72 46°67 2015/01/21 25°28 69 14°50 14°52 00:72 N
9,26.35,43.95,2015/01/21,25.41,71,14.59,14.59,00.21,N,26°35 43°95 2015/01/21 25°41 71 14°59 14°59 00°21 N
9,27.52,41.70,2015/01/21,25.52,72,14.65,14.65,00.16,N,27°52 41°70 2015/01/21 25°52 72 14°65 14°65 00°16 N
9,28.40,36.73,2015/01/21,25.83,73,14.82,14.83,00.48,N,28-40 36°73 2015/01/21 25°83 73 14°82 14°83 00°48 N
9,25.25,45.25,2015/01/21,25.36,70,14.55,14.56,00.55,N,25°25 45°25 2015/01/21 25°36 70 14°55 14°56 00°55 N
9,25.62,45.62,2015/01/21,25.32,70,14.53,14.54,00.44,N,25°62 45°62 2015/01/21 25°32 70 14°53 14°54 00°44 N
9,26.37,49.82,2015/01/21,25.02,70,14.37,14.37,00.28,N,26°37 49°82 2015/01/21 25°02 70 14°37 14°37 00:28 N
9,28.40,36.73,2015/02/19,15.65,41,08.73,08.82,01.30,T,28°40 36°73 2015/02/19 15°65 4I 08°73 08°82 01°30 T
9,21.42,39.83,2015/03/21,29.93,74,16.70,16.70,00.16,N,21°42 39°83 2015/03/21 29°93 74 16°70 16°70 00-16 N
9,27.52,41.70,2015/03/21,29.81,77,16.51,16.52,00.57,N,27°52 41°70 2015/03/21 29°81 77 16°51 16°52 00°57 N
9,28.40,36.73,2015/03/21,30.14,79,16.67,16.69,00.83,N,28°40 36°73 2015/03/21 30°14 79 16°67 16°69 00°83 N
9,21.42,39.83,2015/05/19,35.67,79,17.11,19.05,08.51,N,21°42 39°83 2015/05/19 35°67 79 I7‘II 19°05 08°51 N
9,24.39,39.63,2015/05/19,35.77,79,16.66,19.12,09.53,N,24°39 39°63 2015/05/19 35°77 79 16°66 19°12 09°53 N
9,24.72,46.67,2015/05/19,35.31,77,16.37,18.89,09.56,N,24°72 46°67 2015/05/19 35°31 77 16°37 18°89 09°56 N
9,26.35,43.95,2015/05/19,35.54,78,16.18,19.02,10.14,N,26°35 43°95 2015/05/19 35°54 78 16°18 19°02 10°14 N
9,25.25,45.25,2015/05/19,35.42,78,16.33,18.95,09.75,N,25°25 45°25 2015/05/19 35°42 78 16°33 18°95 09°75 N
9,25.62,45.62,2015/05/19,35.41,77,16.25,18.94,09.87,N,25°62 45°62 2015/05/19 35°41 77 16°25 18°94 09°87 N
9,26.37,49.82,2015/05/19,35.15,77,15.99,18.82,10.07,N,26°37 49°82 2015/05/19 35°15 77 15°99 18°82 10°07 N
9,24.39,39.63,2015/06/17,26.11,42,08.99,13.72,10.41,T,24°39 39°63 2015/06/17 26°11 42 08:99 13°72 10°41 T
9,26.35,43.95,2015/06/17,25.89,41,08.49,13.64,10.72,T,26°35 43°95 2015/06/17 25°89 4I 08°49 13°64 10°72 T
9,27.52,41.70,2015/06/17,26.09,40,08.32,13.75,10.98,T,27°52 41°70 2015/06/17 26°09 40 08°32 13°75 10°98 T
9,21.42,39.83,2015/09/14,32.73,44,09.95,10.19,02.23,oT,21°42 39°83 2015/09/14 32°73 44 09°95 10-19 02°23 oT
9,26.37,49.82,2015/09/14,32.09,40,08.83,09.16,02.43,T,26°37 49°82 2015/09/14 32°09 40 08°83 09°16 02°43 T
9,21.42,39.83,2015/11/13,44.87,gI,18.97,21.05,09.31,N,21°42 39°83 2015/11/13 44°87 gI 18°97 21°05 09°31 N
9,24.72,46.67,2015/11/13,44.33,90,18.16,20.82,10.35,N,24°72 46°67 2015/11/13 44°33 90 18°16 20°82 10°35 N
9,26.35,43.95,2015/11/13,44.47,gI,17.89,20.90,10.97,N,26°35 43°95 2015/11/13 44°47 gI 17°89 20°90 1097 N
9,27.52,41.70,2015/11/13,44.59,90,17.70,20.96,11.42,N,27°52 41°70 2015/11/13 44°59 90 17°70 20°96 11-42 N
9,28.40,36.73,2015/11/13,44.90,gI,17.62,21.11,11.83,N,28°40 36°73 2015/11/13 44°90 gI 17°62 21°II 11°83 N
9,25.62,45.62,2015/11/13,44.38,90,18-01,20.85,10.68,N,25°62 45°62 2015/11/13 44°38 90 18-‘OI 20°85 10°68 N
9,26.37,49.82,2015/11/13,44.08,90,17.75,20.71,10.85,N,26°37 49°82 2015/11/13 44:08 90 17°75 20°71 10°85 N
