Page,Lat_deg,Long_deg,Date_UT,Age_hrs,Lag_min,ARCV_deg,ARCL_deg,DAZ_deg,raw_ocr_line
9,23.56,46.39,1988/03/18,13.04,30,06.70,06.71,00.35,23°56 46°39 1988/03/18 13°04 30 06°70 06°71 00°35
9,19.15,42.22,1988/04/16,03.49,04,01.01,03.28,03.12,19°15 42°22 1988/04/16 03°49 O4 OI-O1 03°28 03°12
9,23.56,46.39,1988/04/16,03.27,005,01.14,03.17,02.96,23°56 46°39 1988/04/16 03°27 O05 OI-14 03°17 02°96
9,28.40,36.73,1990/02/25,06.60,14,03.01,03.45,01.69,28°40 36°73 1990/02/25 06°60 14 03°01 03°45 O1:69
9,28.40,36.73,1990/04/25,11.61,34,06.83.,07.77,03.73,28°40 36°73 1990/04/25 II-61 34 06°83. 07°77 03°73
9,26.45,36.38,1991/05/14,11.63,33,06.64,06.99,02.20,26°45 36°38 1991/05/14 11°63 33 06°64 06°99 02°20
9,28.40,36.73,1992/06/01,04.13,30,05.95,06.18,01.71,28°40 36°73 1992/06/OI 04°13 30 05°95 06°18 OI-71
9,21.42,39.83,1993/12/13,05.22,12,02.59,02.63,00.45,21°42 39°83 1993/12/13 05°22 12 02°59 02°63 00°45
9,28.40,36.73,1993/02/21,02.38,04,00.87,04.71,04.63,28°40 36°73 1993/02/21 02°38 04 00°87 04°71 04°63
10,21.42,39.83,1993/12/13,05.22,12,02.59,02.63,00.45,21°42 39°83 1993/12/13 05°22 12 02°59 02°63 00°45
10,28.40,36.73,1993/02/21,02.38,04,00.87,04.71,04.63,28-40 36°73 1993/02/21 02°38 04 00°87 04°71 04°63
10,21.42,39.83,1993/12/13,05.22,12,02.59,02.63,00.45,21°42 39°83 1993/12/13 05°22 12 02°59 02°63 00°45
10,24.60,46.45,1998/10/20,04.23,16,03.60,03.95,011.62,24:60 46°45 1998/10/20 04°23 16 03°60 03°95 O1I°62
10,26.35,43.95,1999/10/09,03.14,16,03.66,04.13,01.90,26°35 43°95 1999/10/09 03°14 16 03°66 04°13 O1°90
10,24.60,46.45,2000/03/06,20.79,18,03.92,05.62,04.03,24°60 46°45 2000/03/06 20°79 18 03°92 05°62 04°03
10,21.42,39.83,2000/09/27,19.32,03,00.71,01.86,01.72,21°42 39°83 2000/09/27 19°32 03 00:71 01°86 O1'72
10,28.40,36.73,2001/02/23,07.13,09,01.88,04.88,04.50,28:40 36°73 2001/02/23 07°13 O9 01°88 04°88 04°50
10,21.42,39.83,2001/06/21,04.13,005,01.15,01-.71,011.26,21°42 39°83 2001/06/21 04°13 O05 OI‘15 OI-°71 O1I°26
10,24.60,46.45,2001/10/16,19.06,02,00.64,05.33,05.29,24°60 46°45 2001/10/16 19:06 o2 00°64 05°33 05°29
10,27.52,41.70,2001/11/15,07.69,19,03.97,04.08,00.93,27°52 41°70 2001/11/15 07°69 19 03°97 04°08 00°93
10,27.52,41.70,2002/02/12,07.36,08,01.80,05.22,04.90,27°52 41°70 2002/02/12 07°36 08 01°80 05°22 04°90
10,26.35,43.95,2002/10/06,03.47,16,03.65,03.83,01.13,26°35 43°95 2002/10/06 03°47 16 03°65 03°83 OI'13
10,26.35,43.95,2003/02/01,12.20,(ele),00.22,05.00,05.00,26°35 43°95 2003/02/o1 12°20 (ele) 00°22 05°00 05°00
10,21.42,39.83,2003/02/01,12.59,04,00.86,04.98,04.91,21°42 39°83 2003/02/o1 12°59 O4 00°86 04°98 04°91
10,28.40,36.73,2003/02/01,12.62,OI,00.24,05.09,05.09,28-40 36°73 2003/02/01 12°62 OI 00:24 05°09 05:09
10,24.60,46.45,2003/02/01,12.07,OI,00.32,04.96,04.95,24°60 46°45 2003/02/o1 12°07 OI 00°32 04°96 04°95
10,28.40,36.73,2003/08/27,22.57,12,02.51,04.53,03.77,28°40 36°73 2003/08/27 22°57 I2 02°51 04°53 03°77
10,27.52,41.70,2003/09/26,11.95,27,06.08,06.83,03.12,27°52 41°70 2003/09/26 II°95 27 06:08 06°83 03°12
10,21.42,39.83,2003/09/26,12.08,28,06.43,06.86,02.42,21°42 39°83 2003/09/26 12°08 28 06°43 06°86 02°42
10,26.35,43.95,2003/09/26,11.80,27,06.10,06.75,02.91,26°35 43°95 2003/09/26 11°80 27 06°10 06°75 02°91
10,28.40,36.73,2003/09/26,12.28,28,06.14,07.01,03.38,28:40 36°73 2003/09/26 12°28 28 06°14 07:01 03°38
10,27.52,41.70,2003/10/25,01-.76,04,01.04,01.09,00.30,27°52 41°70 2003/10/25 O1-°76 04 O1'04 O1:09 00°30
10,21.42,39.83,2003/12/23,05.02,002,00.51,04.49,04.46,21°42 39°83 2003/12/23 05°02 O02 00°51 04°49 04°46
10,21.42,39.83,2004/05/19,11-.03,21,04.48,04.60,01.07,21°42 39°83 2004/05/19 II-°03 21 04°48 04:60 OI°07
10,28.40,36.73,2004/09/14,01.17,09,02.15,02.68,01.60,28-40 36°73 2004/09/14 OI‘I7 09 02°15 02°68 O1°60
10,21.42,39.83,2005/08/05,21.20,29,06.33,06.35,00.45,21°42 39°83 2005/08/05 21°20 29 06°33 06°35 00°45
10,24.60,46.45,2005/08/05,20.84,29,06.18,06.22,00.75,24:60 46°45 2005/08/05 20°84 29 06°18 06:22 00°75
10,26.35,43.95,2005/08/05,21.05,30,06.21,06.30,01.05,26°35 43°95 2005/08/05 21°05 30 06°21 06°30 OI'05
10,26.35,43.95,2005/11/02,23.34,08,01..72,06.93,06.72,26°35 43°95 2005/11/02 23°34 08 O1°:72 06°93 06°72
10,27.52,41.70,2005/11/02,23.47,07,011.62,07.01,06.82,27°52 41°70 2005/11/02 23°47 O7 O1I°62 O7:OI 06:82
10,21.42,39.83,2005/12/31,11.63,19,03.88,07.86,06.83,21°42 39°83 2005/12/31 11°63 19 03°88 07°86 06°83
10,24.54,39.63,2005/12/31,11.54,18,03.42,07.86,07.08,24°54 39°63 2005/12/31 11°54 18 03°42 07°86 07°08
10,28.40,36.73,2006/07/25,11.95,29,05.89,06.00,01.16,28-40 36°73 2006/07/25 II°95 29 05°89 06:00 OI'16
10,21.42,39.83,2007/08/13,16.84,26,05.94,07.69,04.89,21°42 39°83 2007/08/13 16°84 26 05°94 07°69 04°89
10,28.40,36.73,2008/08/01,20.42,08,01.91,02.86,02.12,28°40 36°73 2008/08/01 20°42 08 OI‘9I 02°86 02°12
10,24.54,39.63,2009/01/26,07.12,II,02.39,02.46,00.56,24°54 39°63 2009/01/26 O7°I2 II 02°39 02°46 00°56
10,26.35,43.95,2009/01/26,06.79,II,02.22,02.31,00.65,26°35 43°95 2009/01/26 06°79 II 02°22 02°31 00°65
10,27.52,41.70,2009/01/26,06.90,II,02.26,02.37,00.72,27°52 41°70 2009/01/26 06:90 II 02°26 02°37 00°72
10,27.52,41.70,2009/04/25,12.35,33,06.67,07.70,03.85,27°52 41°70 2009/04/25 12°35 33 06°67 07°70 03°85
10,24.60,46.45,2009/07/22,13.15,22,04.78,07.23,05.43,24°60 46°45 2009/07/22 13°15 22 04°78 07°23 05°43
10,26.35,43.95,2009/07/22,13.37,22,04.68,07.38,05.71,26°35 43°95 2009/07/22 13°37 22 04°68 07°38 05°71
10,26.35,43.95,2009/11/17,19.00,18,03.61,09.73,09.04,26°35 43°95 2009/11/17 19:00 18 03°61 09°73 09°04
10,25.62,45.62,2009/11/17,18.91,19,03.70,09.68,08.96,25°62 45°62 2009/11/17 18°91 19 03°70 09°68 08:96
10,28.40,36.73,2010/04/14,03.49,007,01-.49,04.91,04.68,28°40 36°73 2010/04/14 03°49 O07 O1-°49 04°91 04°68
10,24.54,39.63,2010/04/14,03.24,004,0T.04,94.95,04.84,24°54 39°63 2010/04/14 03°24 O04 OT'O4 = =94°95 04°84
10,24.54,39.63,2010/06/12,04.93,II,02.28,02.31,00.39,24°54 39°63 2010/06/12 04°93 II 02°28 02°31 00°39
10,26.35,43.95,2010/06/12,04.71,II,02.19,02.21,00.34,26°35 43°95 2010/06/12 04°71 II 02°19 02°21 00°34
10,28.40,36.73,2010/06/12,05.27,12,02.45,02.46,00.05,28°40 36°73 2010/06/12 05°27 12 02°45 02°46 00°05
10,25.25,45.25,2010/06/12,04.58,10,02.12,02.16,00.44,25°25 45°25 2010/06/12 04°58 10 02°12 02°16 00°44
10,28.40,36.73,2010/08/10,13.15,07,01.74,08.36,08.18,28°40 36°73 2010/08/10 13°15 O7 O1°74 08°36 08-18
10,26.37,49.82,2010/08/10,12.23,078,01.69,07.85,07.66,26°37 49°82 2010/08/10 12°23 078 O1:69 07°85 07°66
10,24.39,39.63,2010/10/08,20.29,17,03.69,12.40,11.84,24°39 39°63 2010/10/08 20°29 17 03°69 12°40 11°84
10,24.60,46.45,2010/10/08,19.83,16,03.47,12.17,11.67,24°60 46°45 2010/10/08 19°83 16 03°47 12°17 11°67
10,26.35,43.95,2010/10/08,19.99,14,03.17,12.27,11.86,26°35 43°95 2010/10/08 19°99 14 03°17 12°27 11°86
10,25.25,45.25,2010/10/08,19.91,15,03.37,12.21,11.75,25°25 45°25 2010/10/08 19°91 15 03°37 12°21 11°75
10,26.37,49.82,2010/10/08,19.60,14,03.02,12.07,11.69,26°37 49°82 2010/10/08 19°60 14 03°02 12°07 11°69
10,25.62,45.62,2010/10/08,19.88,15,03.28,12.21,11.76,25°62 45°62 2010/10/08 19°88 15 03°28 12-21 11-76
10,27.52,41.70,2010/11/06,09.58,OI,00.29,06.32,06.31,27°52 41°70 2010/11/06 09°58 OI 00°29 06°32 06°31
10,21.42,39.83,2010/11/06,09.84,005,OIII,06.33,06.23,21°42 39°83 2010/11/06 09°84 O05 OI‘II 06°33 06°23
11,24.60,46.45,2010/11/06,09.33,02,00.52,06.18,06.16,24°60 46°45 2010/11/06 09:33 o2 00:52 06:18 06:16
11,26.35,43.95,2010/11/06,09.45,OI,00.37,06.25,06.24,26°35 43°95 2010/11/06 09°45 OI 00°37 06°25 06°24
11,25.25,45.25,2010/11/06,09.39,02,00.47,06.21,06.20,25°25 45°25 2010/11/06 09°39 O2 00°47 06°21 06°20
11,24.39,39.63,2011/01/04,12.27,II,02.23,02.24,00.23,24°39 39°63 2011/01/04 12:27 II 02°23 02°24 00:23
11,24.60,46.45,2011/01/04,11.80,09,02.01,02.03,00.28,24:60 46°45 2011/01/04 11°80 09 02°01 02°03 00°28
11,21.42,39.83,2011/05/03,18.74,17,03.58,04.50,02.74,21°42 39°83 2011/05/03 18°74 17 03°58 04°50 02°74
11,24.39,39.63,2011/05/03,18.82,18,03.75,04.50,02.49,24°39 39°63 2011/05/03 18-82 18 03°75 04°50 02°49
11,27.52,41.70,2011/05/03,18.75,19,03.86,04.46,02.23,27°52 41°70 2011/05/03 18°75 19 03°86 04°46 02°23
11,21.42,39.83,2011/07/01,21.45,07,01.63,03.71,03.34,21°42 39°83 2011/07/01 21°45 O7 01°63 03°71 03°34
11,24.39,39.63,2011/07/01,21.57,07,01.48,03.81,03.51,24°39 39°63 2011/07/01 21°57 O7 01°48 03°81 03°51
11,24.60,46.45,2011/07/01,21.12,06,01.28,03.61,03.38,24°60 46°45 2011/07/o1 21°12 06 01°28 03°61 03°38
11,28.40,36.73,2011/07/01,21.91,06,011.34,04.02,03.80,28°40 36°73 2011/07/o1 21-91 06 O1I°34 04°02 03°80
11,25.62,45.62,2011/07/01,21.22,06,01.25,03.67,03.45,25°62 45°62 2011/07/01 21°22 06 OI'25 03°67 03°45
11,21.42,39.83,2011/10/27,18.87,27,05.79,11.00,09.37,21°42 39°83 2011/10/27 18°87 27 05°79 II‘00 09°37
11,24.39,39.63,2011/10/27,18.83,25,05.26,IIOI,09.69,24°39 39°63 2011/10/27 18°83 25 05°26 II‘OI 09°69
11,24.60,46.45,2011/10/27,18.37,24,05.02,10.76,09.53,24:60 46°45 2011/10/27 18°37 24 05:02 10°76 09°53
11,28.40,36.73,2011/10/27,18.95,23,04.60,11.13,10.15,28°40 36°73 2011/10/27 18°95 23 04°60 II‘13 IO'I5
11,25.25,45.25,2011/10/27,18.44,24,04.94,10.81,09.63,25°25 45°25 2011/10/27 18°44 24 04°94 10°81 09°63
11,25.62,45.62,2011/10/27,18.41,23,04.86,10.80,09.65,25°62 45°62 2011/10/27 18-41 23 04°86 10°80 09°65
11,26.37,49.82,2011/10/27,18.12,22,04.60,10.65,09.61,26°37 49°82 2011/10/27 18-12 22 04°60 10°65 09°61
11,21.42,39.83,2011/11/25,08.46,13,02.89,04.31,03.20,21°42 39°83 2011/11/25 08°46 13 02°89 04°31 03°20
11,24.39,39.63,2011/11/25,08.39,13,02.66,04.30,03.38,24°39 39°63 2011/11/25 08°39 13 02°66 04°30 03°38
11,24.60,46.45,2011/11/25,07.92,II,02.42,04.06,03.26,24°60 46°45 2011/11/25 07°92 II 02°42 04°06 03°26
11,28.40,36.73,2011/11/25,08.45,12,02.43,04.39,03.66,28°40 36°73 2011/11/25 08°45 12 02°43 04°39 03°66
11,25.25,45.25,2011/11/25,07.98,II,02.41,04.10,03.32,25°25 45°25 2011/11/25 07°98 II 02°41 04°10 03°32
11,25.62,45.62,2011/11/25,07.95,II,02.37,04.08,03.33,25°62 45°62 2011/11/25 07°95 II 02°37 04°08 03°33
11,21.42,39.83,2012/01/23,07.42,16,03.62,05.02,03.49,21°42 39°83 2012/01/23 07°42 16 03°62 05°02 03°49
11,24.60,46.45,2012/01/23,06.89,16,03.54,04.81,03.26,24°60 46°45 2012/01/23 06°89 16 03°54 04°81 03°26
11,25.25,45.25,2012/01/23,06.95,17,03.61,04.83,03.20,25°25 45°25 2012/01/23 06°95 17 03°61 04°83 03°20
11,25.62,45.62,2012/01/23,06.91,17,03.62,04.81,03.17,25°62 45°62 2012/01/23 06°91 17 03°62 04°81 03°17
11,21.42,39.83,2012/04/21,08.40,14,03.04,03.89,02.43,21°42 39°83 2012/04/21 08-40 14 03:04 03°89 02°43
11,24.39,39.63,2012/04/21,08.46,15,03.19,03.88,02.21,24°39 39°63 2012/04/21 08°46 15 03°19 03°88 02°21
11,21.42,39.83,2012/07/19,11.68,06,01.38,07.03,06.90,21°42 39°83 2012/07/19 11°68 06 01°38 07°03 06:90
11,24.60,46.45,2012/07/19,11.34,03,00.83,06.95,06.90,24°60 46°45 2012/07/19 11°34 03 00°83 06°95 06:90
11,24.39,39.63,2012/07/19,11.79,04,01.02,07.12,07.04,24°39 39°63 2012/07/19 11°79 O4 OI°02 O7°I2 07°04
11,26.35,43.95,2012/07/19,11.56,03,00.68,07.06,07.03,26°35 43°95 2012/07/19 11°56 03 00°68 07°06 07°03
11,25.62,45.62,2012/07/19,11.43,03,00.73,07.00,06.96,25°62 45°62 2012/07/19 II°43 03 00°73 07°00 06:96
11,21.42,39.83,2012/09/16,13.20,005,01.34,02.85,02.52,21°42 39°83 2012/09/16 13°20 O05 01°34 02°85 02°52
11,24.60,46.45,2012/09/16,12.77,03,00.72,02.33,02.21,24°60 46°45 2012/09/16 12°77 03 00°72 02°33 02°21
11,26.35,43.95,2012/09/16,12.94,02,00.53,02.26,02.19,26°35 43°95 2012/09/16 12°94 O2 00°53 02°26 02°19
11,25.25,45.25,2012/09/16,12.85,02,00.66,02.31,02.21,25°25 45°25 2012/09/16 12°85 02 00°66 02°31 02°21
11,26.37,49.82,2012/09/16,12.55,OI,00.39,02.06,02.02,26°37 49°82 2012/09/16 12°55 OI 00°39 02°06 02°02
11,25.62,45.62,2012/09/16,12.83,02,00.60,02.27,02.19,25°62 45°62 2012/09/16 12°83 02 00:60 02°27 02°19
11,24.60,46.45,2012/11/14,15.99,33,06.70,08.81,05.73,24°60 46°45 2012/11/14 15°99 33 06°70 08-81 05°73
11,26.35,43.95,2012/11/14,116.11,33,06.57,08.90,06.02,26°35 43°95 2012/11/14 I16°II 33 06°57 08-90 06:02
11,27.52,41.70,2012/11/14,16.23,33,06.49,08.98,06.22,27°52 41°70 2012/11/14 16°23 33 06°49 08:98 06°22
11,28.40,36.73,2012/11/14,16.54,33,06.53,09.17,06.45,28-40 36°73 2012/11/14 16°54 33 06°53 09°17 06°45
11,25.25,45.25,2012/11/14,16.06,33,06.66,08.85,05.84,25°25 45°25 2012/11/14 16°06 33 06°66 08°85 05°84
11,25.62,45.62,2012/11/14,16.02,33,06.61,08.84,05.88,25°62 45°62 2012/11/14 16-02 33 06°61 08°84 05°88
11,26.37,49.82,2012/11/14,15.72,32,06.38,08.67,05.88,26°37 49°82 2012/11/14 15°72 32 06°38 08°67 05°88
11,21.42,39.83,2012/12/13,05.98,16,03.48,03.56,00.73,21°42 39°83 2012/12/13 05°98 16 03°48 03°56 00°73
11,24.39,39.63,2012/12/13,05.89,16,03.47,03.50,00.51,24°39 39°63 2012/12/13 05°89 16 03°47 03°50 00°51
11,24.60,46.45,2012/12/13,05.43,15,03.22,03.28,00.61,24°60 46°45 2012/12/13 05°43 15 03°22 03°28 00°61
11,26.35,43.95,2012/12/13,05.54,16,03.30,03.33,00.44,26°35 43°95 2012/12/13 05°54 16 03°30 03°33 00°44
11,27.52,41.70,2012/12/13,05.65,16,03.36,03.38,00.32,27°52 41°70 2012/12/13 05°65 16 03°36 03°38 00°32
11,25.25,45.25,2012/12/13,05.49,16,03.26,03.30,00.54,25°25 45°25 2012/12/13 05°49 16 03°26 03°30 00°54
11,25.62,45.62,2012/12/13,05.45,16,03.24,03.28,00.52,25°62 45°62 2012/12/13 05°45 16 03°24 03°28 00°52
11,21.42,39.83,2013/02/10,07.93,16,03.78,06.09,04.78,21°42 39°83 2013/02/10 07°93 16 03°78 06:09 04°78
11,24.39,39.63,2013/02/10,07.89,18,04.00,06.04,04.53,24°39 39°63 2013/02/10 07°89 18 04:00 06:04 04°53
11,28.40,36.73,2013/02/10,08.00,20,04.38,06.03,04.15,28°40 36°73 2013/02/10 08:00 20 04°38 06°03 O4°15
12,25.62,45.62,2013/02/10,07.46,17,03.87,05.90,04.45,25°62 45°62 2013/02/10 07°46 17 03°87 05°90 04°45
12,26.37,49.82,2013/02/10,07.17,17,03.77,05.80,04.41,26°37 49°82 2013/02/10 O7'17 17 03°77 05°80 04°41
12,21.42,39.83,2013/04/10,06.05,09,02.09,02.95,02.08,21°42 39°83 2013/04/10 06:05 09 02:09 02°95 02:08
12,25.62,45.62,2013/04/10,05.72,fore),02.07,02.80,01.88,25°62 45°62 2013/04/10 05°72 fore) 02°07 02°80 01°88
12,21.42,39.83,2013/10/05,02.25,15,03.43,07.28,06.43,21°42 39°83 2013/10/05 02°25 15 03°43 07°28 06°43
12,24.39,39.63,2013/10/05,02.24,14,03.09,07.32,06.64,24°39 39°63 2013/10/05 02°24 14 03:09 07°32 06°64
12,26.35,43.95,2013/10/05,01.94,12,02.74,07.20,06.66,26°35 43°95 2013/10/05 OI'94 12 02°74 07°20 06°66
12,27.52,41.70,2013/10/05,02.08,12,02.66,07.28,06.78,27°52 41°70 2013/10/05 02:08 I2 02°66 07°28 06°78
12,25.25,45.25,2013/10/05,01.86,12,02.84,07.15,06.56,25°25 45°25 2013/10/05 01°86 I2 02°84 O7-15 06°56
12,25.62,45.62,2013/10/05,01.84,12,02.78,07.14,06.57,25°62 45°62 2013/10/05 01°84 I2 02°78 O7'14 06°57
12,26.37,49.82,2013/10/05,01.55,12,02.59,07.01,06.52,26°37 49°82 2013/10/05 OI°55 I2 02°59 O7°OI 06°52
12,21.42,39.83,2013/11/03,14.35,fete),00.23,00.41,00.34,21°42 39°83 2013/11/03 14°35 fete) 00°23 00°41 00°34
12,21.42,39.83,2014/01/01,17.19,12,02.64,04.58,03.74,21°42 39°83 2014/o1/o1 1719 I2 02°64 04°58 03°74
12,24.39,39.63,2014/01/01,17.11,13,02.80,04.53,03.56,24°39 39°63 2014/01/o1 I7‘II 13 02°80 04°53 03°56
12,24.72,46.67,2014/01/01,16.63,12,02.56,04.44,03.63,24°72 46°67 2014/01/01 16°63 I2 02°56 04°44 03°63
12,26.35,43.95,2014/01/01,16.75,13,02.74,04.44,03.49,26°35 43°95 2014/o1/o1 16°75 13 02°74 04°44 03°49
12,27.52,41.70,2014/01/01,16.86,14,02.87,04.44,03.39,27°52 41°70 2014/o1/o1 16°86 14 02°87 04°44 03°39
12,28.40,36.73,2014/01/01,17.16,15,03.10,04.49,03.25,28-40 36°73 2014/01/01 17'16 15 03°10 04°49 03°25
12,25.25,45.25,2014/01/01,16.70,12,02.63,04.44,03.58,25°25 45°25 2014/01/O1 16°70 12 02°63 04°44 03°58
12,25.62,45.62,2014/01/01,16.66,12,02.64,04.43,03.56,25°62 45°62 2014/o1/o1 16°66 I2 02°64 04°43 03°56
12,26.37,49.82,2014/01/01,16.36,12,02.52,04.38,03.58,26°37 49°82 2014/01/01 16°36 12 02°52 04°38 03°58
12,21.42,39.83,2014/03/01,20.67,14,03.38,04.96,03.63,21°42 39°83 2014/03/01 20°67 14 03°38 04°96 03°63
12,24.72,46.67,2014/03/01,20.18,14,03.30,04.74,03.41,24°72 46°67 2014/03/01 20°18 14 03°30 04°74 03°41
12,26.35,43.95,2014/03/01,20.35,15,03.49,04.78,03.28,26°35 43°95 2014/03/01 20°35 15 03°49 04°78 03°28
12,25.25,45.25,2014/03/01,20.27,15,03.38,04.77,03.37,25°25 45°25 2014/03/01 20°27 15 03°38 = 04°77 03°37
12,25.62,45.62,2014/03/01,20.24,15,03.39,04.76,03.34,25°62 45°62 2014/03/01 20°24 15 03°39 04:76 03°34
12,26.37,49.82,2014/03/01,19.96,14,03.27,04.65,03.31,26°37 49°82 2014/03/01 19°96 14 03°27 04°65 03°31
12,21.42,39.83,2014/04/29,09.52,17,03.93,04.31,01.76,21°42 39°83 2014/04/29 09°52 17 03°93 04°31 01°76
12,24.39,39.63,2014/04/29,09.59,18,03.86,04.36,02.03,24°39 39°63 2014/04/29 09°59 18 03°86 04°36 02°03
12,28.40,36.73,2014/04/29,09.87,18,03.84,04.53,02.41,28-40 36°73 2014/04/29 09°87 18 03°84 04°53 02°41
12,25.25,45.25,2014/04/29,09.24,17,03.66,04.19,02.06,25°25 45°25 2014/04/29 09°24 17 03°66 04°19 02°06
12,25.62,45.62,2014/04/29,09.22,17,03.63,04.19,02.09,25°62 45°62 2014/04/29 09°22 17 03°63 04°19 02°09
12,26.35,43.95,2014/07/27,17.21,08,01.81,08.91,08.72,26°35 43°95 2014/07/27 17°21 08 OI°8I 08-9I 08-72
12,21.42,39.83,2014/09/24,09.03,05,01.28,04.05,03.84,21°42 39°83 2014/09/24 09°03 05 O1°28 04°05 03°84
12,24.72,46.67,2014/09/24,08.57,04,00.90,03.91,03.81,24°72 46°67 2014/09/24 08°57 04 00:90 03°91 03°81
12,26.35,43.95,2014/09/24,08.75,03,00.84,04.01,03.92,26°35 43°95 2014/09/24 08°75 03 00°84 04-01 03°92
12,27.52,41.70,2014/09/24,08.90,03,00.82,04.08,04.00,27°52 41°70 2014/09/24 08-90 03 00°82 04°08 04°00
12,28.40,36.73,2014/09/24,09.23,04,00.86,04.22,04.14,28°40 36°73 2014/09/24 09°23 04 00°86 04°22 04°14
12,25.62,45.62,2014/09/24,08.64,03,00.86,03.95,03.86,25°62 45°62 2014/09/24 08:64 03 00°86 03°95 03°86
12,26.35,43.95,2014/11/22,01.67,10,02.08,02.98,02.13,26°35 43°95 2014/11/22 O1°67 10 02°08 02°98 02°13
12,27.52,41.70,2014/11/22,01.78,10,02.17,02.97,02.03,27°52 41°70 2014/11/22 O1°78 10 02°17 02°97 02°03
12,21.42,39.83,2015/01/20,01.81,04,01-.04,04.61,04.50,21°42 39°83 2015/01/20 O1-81 O4 OI-'04 04°61 04°50
12,24.72,46.67,2015/01/20,01.26,04,opexept,04.57,04.46,24°72 46°67 2015/01/20 O1°26 O4 op exept 04°57 04°46
12,26.35,43.95,2015/01/20,011.40,005,01.22,04.54,04.37,26°35 43°95 2015/01/20 O1I°40 O05 OI°22 04°54 04°37
12,27.52,41.70,2015/01/20,01.51,06,01.38,04.52,04.31,27°52 41°70 2015/01/20 OI'51 06 01°38 04°52 04°31
12,28.40,36.73,2015/01/20,01.82,007,01.61,04.51,04.21,28°40 36°73 2015/01/20 O1°82 O07 O1-61 O4°51 04°21
12,25.25,45.25,2015/01/20,01.34,04,01.10,04.56,04.43,25°25 45°25 2015/01/20 01°34 O4 OI-10 04°56 04°43
12,25.62,45.62,2015/01/20,01.31,05,OIII,04.55,04.42,25°62 45°62 2015/01/20 OI°31 05 OI‘II 04°55 04°42
12,26.37,49.82,2015/01/20,01.00,04,011.00,04.55,04.44,26°37 49°82 2015/01/20 OI‘0O O4 O1I:00 04°55 04°44
12,21.42,39.83,2015/03/20,05.92,II,02.63,02.73,00.74,21°42 39°83 2015/03/20 05°92 II 02°63 02°73 00°74
12,27.52,41.70,2015/03/20,05.80,II,02.62,02.65,00.38,27°52 41°70 2015/03/20 05°80 II 02°62 02°65 00°38
12,28.40,36.73,2015/03/20,06.13,13,02.81,02.83,00.29,28°40 36°73 2015/03/20 06°13 13 02°81 02°83 00°29
12,21.42,39.83,2015/05/18,11.67,21,04.68,07.04,05.27,21°42 39°83 2015/05/18 11°67 21 04°68 07°04 05°27
12,24.39,39.63,2015/05/18,11.76,21,04.43,07.12,05.58,24°39 39°63 2015/05/18 11-76 21 04°43 07-12 05°58
12,24.72,46.67,2015/05/18,11.30,19,04.16,06.92,05.54,24°72 46°67 2015/05/18 11°30 19 04°16 06:92 05°54
12,26.35,43.95,2015/05/18,11.53,19,04.10,07.04,05.73,26°35 43°95 2015/05/18 11°53 19 04°10 07°04 05°73
12,25.25,45.25,2015/05/18,11.41,19,04.16,06.98,05.61,25°25 45°25 2015/05/18 II-4I 19 04°16 06°98 05°61
12,25.62,45.62,2015/05/18,11.40,19,04.11,06.98,05.64,25°62 45°62 2015/05/18 II°40 19 O4°II 06:98 05°64
12,26.37,49.82,2015/05/18,11.14,18,03.90,06.87,05.66,26°37 49°82 2015/05/18 II‘I4 18 03°90 06°87 05°66
12,21.42,39.83,2015/09/13,08.75,06,01.55,03.56,03.20,21°42 39°83 2015/09/13 08°75 06 O1'55 03°56 03°20
