Page,No,Lat_deg,Long_deg,Date_UT,Age_hrs,Lag_min,ARCV_deg,ARCL_deg,DAZ_deg,W_arcmin,V_I,raw_ocr_line
13,026,27.52,41.70,2000/12/26,21.08,40,07.70,08.86,04.40,0.19,6V(T),026 27°52 41°70 2000/12/26 21°08 40 07°70 08°86 04°40 o19 6V(T)
13,085,27.52,41.70,2009/01/27,30.92,64,13.35,13.55,02.32,0.44,V(N),085 27°52 41°70 2009/01/27 30°92 64 13°35 13°55 02°32 0-44 V(N)
13,096,26.35,43.95,2009/10/19,33.00,35,06.99,17.47,16.05,0.77.,V(T),096 26:35 43°95 2009/10/19 33°00 35 06°99 17°47 16:05 0-77. =~V(T)
13,099,25.62,45.62,2009/11/18,42.90,70,12.92,20.51,16.07,ror,VC(N),099 25°62 45°62 2009/11/18 42°90 70 12°92 20°51 16°07 ror VC(N)
13,100,25.62,45.62,2009/12/17,26.13,48,09.08,11.50,07.07,0.32,6.V(N),100 25°62 45°62 2009/12/17 26°13 48 09°08 II°50 07°07 0°32 ~=6°V(N)
13,102,28.39,636.73--,2010/04/15,27.49,65,13.20,13.51,02.85,0.44,V(N),"102 28°39 §=636°73,-- 2010/04/15 27°49 65 13:20 13'51 02°85 0-44 V(N)"
13,104,24.54,39.63,2010/06/13,28.94,68,13.87,15.22,06.34,0.56,69.V(N),104 24°54 39°63 2010/06/13 28:94 68 13°87 15°22 06°34 0°56 ~=69°V(N)
13,122,25.62,45.62,2010/12/06,20.93,40,07.87,10.95,06.49,0.25,xV(T),122 25°62 45°62 2010/12/06 20°93 40 07°87 10°95 06°49 0-25 xV(T)
13,127,24.39,39.63,2011/04/04,25.00,50,10.70,11.42,04.04,0.31,V(N),127 24°39 39°63 2011/04/04 25:00 50 10:70 II°42 04:04 o-31 V(N)
13,137,24.60,46.45,2011/09/28,27.60,32,06.98,16.55,15.04,0.66,V(T),137 24°60 46°45 2011/09/28 27°60 32 06:98 16°55 15°04 0°66 V(T)
13,154,28.40,36.73,2011/12/25,20.61,54,10.30,10.78,03.18,0.53.,V(N),154 28°40 36°73 2011/12/25 20°61 54 10°30 10°78 03°18 0°53. ~V(N)
13,161,21.42,39.82,2012/04/22,32.00,64,13.83,13.87,011.06,0.47,V(N),161 21°42 39°82 2012/04/22 32:00 64 13°83 13°87 O1I:06 0-47 V(N)
13,167,25.62,45.62,2012/07/20,35.42,43,09.50,17.80,15.13,0.76,V(N),167 25°62 45°62 2012/07/20 35°42 43 09°50 17°80 15°13 0°76 =V(N)
13,170,2635.,43.95,2012/09/17,36.92,45,09.64-,20.34,18.00,0.99.5s-,WN),170 ©2635. «43°95 2012/09/17 36°92 45 = =09'64— 20°34 «18:00 0'99—Ss—« WN)
13,177,25.62,45.62,2012/10/16,26.42,40,08.28,14.88,12.14,0.53.,VC(N),177 25°62 45°62 2012/10/16 26°42 40 08:28 14°88 12°14 0°53. ~VC(N)
13,442,27.52,41.70,2012/11/14,16.23,33,06.49,08.98,06.22,0.19,I(-),442 27°52 41°70 2012/11/14 16°23 33 06°49 08-98 06°22 o-19 = I(-)
13,195,25.62,45.62,2013/01/12,18.71,53,10.87,10.93,01.25,0.29,6sV(N),195 25°62 45°62 2013/01/12 18°71 53 10°87 10°93 OI°25 0-29 ~=6s V(N)
13,455,24.39,39.63,2013/02/10,07.88,18,04.00,06.04,04.53,0.08,I(-),455 24:39 39°63 2013/02/10 07°88 18 04:00 06:04 04°53 0:08 = I(-)
13,204,25.62,45.62,2013/04/11,29.72,63,13.23,13.56,00.05,0.45,VC(N),204 25°62 45°62 2013/04/II 29°72 63 13°23 13°56 00°05 0-45 VC(N)
13,205,21.42,39.82,2013/05/10,15.37,28,06.07,06.34,01.85,0-.10-,(-),205 21°42 39°82 2013/05/IO 15°37 28 06:07 06°34 01°85 o-'10—_ [(-)
13,207,24.39,39.63,2013/10/06,38.50,,559--sd12.46,19.65,15.33,0.93,V(N),"207 24°39 = 39°63 2013/10/06 38°50, 559——sd12°46 19°65 «15°33 0-93 =V(N)"
13,217,24.39,39.63,2013/12/03,14.18,39,07.92,08.10,011.62,0.16,6V(T),217 24°39 39°63 2013/12/03 14:18 39 07°92 08-10 O1I°62 0-16 §6V(T)
13,228,24.72,46.66,2014/01/31,16.98,46,09.86,10.31,02.99,0.25,V(N),228 24°72 46°66 2014/01/31 16°98 46 09°86 10°31 02°99 0-25 V(N)
13,239,24.39,39.63,2014/03/31,20.87,48,10.47,10.40,00.30,0.27.,V(N),239 24°39 39°63 2014/03/31 20°87 48 10°47 10°40 00°30 0:27. V(N)
13,488,21.42,39.83,2014/04/29,00g.51,18,03.93,04.30,01.76,0.05,I(-),488 21°42 39°83 2014/04/29 oOg°51 18 03°93 04°30 01°76 0-05 ~= I(-)
13,247,27.52,41.70,2014/05/29,21.37),36,07.33,10.47,07.49,0.27,69V(T),247 27°52 41°70 2014/05/29 21°37) 36 07°33 10'47 07°49 0-27 =69V(T)
13,255,28.40,36.72,2014/09/25,33.20,41,08.65,15.07,12.39,0.55,V(N),255 28°40 36°72 2014/09/25 33:20 41 08°65 15'O7 12°39 0-55 V(N)
13,257,26.35,43.95,2014/11/23,25.66,62,12.30,13.41,05.36,0.43.,VC(N),257 26°35 43°95 2014/11/23 25°66 62 12°30 13°41 05°36 0-43. VC(N)
13,264,28.39,36.72,2015/02/19,15.65,41,08.72,08.82,01.30,0-.19,6V(N),264 28:39 36°72 2015/02/19 15°65 4I 08°72 08°82 O1°30 o-'19 =6V(N)
13,531,24.72,46.66,2015/05/18,11.30,619,04.15,06.92,05.54,0.12,I(-),531 24°72 46°66 2015/05/18 II°30 619 04°15 06:92 05°54 o-12 = I(-)
