page_url,hijri_year,hijri_month_name,section_type,gregorian_date,country,city,province,obs_time_text,obs_relative_to_sunset,seen_any,seen_naked_eye,seen_binocular,seen_telescope,seen_camera,attempted_naked_eye,attempted_binocular,attempted_telescope,attempted_camera,sky_cloud_text,weather_text,raw_text,comment_text,vis_class_empirical,has_country,has_city_or_province,has_date,has_obs_time_text,looks_like_real_observation
https://astronomycenter.net/icop/ram47.html,,,first_crescent,الأربعاء 18 فبراير 2026,الهند,New Delhi,Delhi,بعد غروب الشمس,after_sunset,,,,,,False,False,False,False,غائمة جزئيا,مغبرة جدا أو ضباب كثيف,1 . وقت الرصد: بعد غروب الشمس . تمت الرؤية من قبل آخرين : ذكر عضو المشروع السيد من مدينة New Delhi في محافظة Delhi ان السماء (نسبة الغيم) كانت غائمة جزئيا والحالة الجوية كانت مغبرة جدا أو ضباب كثيف ولم يتم تحري الهلال بالعين المجردة ولم يتم تحري الهلال بالمنظار ولم يتم تحري الهلال بالمرقب ولم يتم تحري الهلال باستخدام الكاميرا,,,True,True,True,True,True
https://astronomycenter.net/icop/shw47.html,,,last_crescent,الأربعاء 18 مارس 2026,ألمانيا,Munich,Bavaria,بعد شروق الشمس,unknown,True,,,,,False,False,False,False,غائمة جزئيا,مغبرة جدا أو ضباب كثيف,"1 . وقت الرصد: بعد شروق الشمس . تمت رؤية الهلال : ذكر عضو المشروع المهندس مارتن إليسياسر من مدينة Munich في محافظة Bavaria ان السماء (نسبة الغيم) كانت غائمة جزئيا والحالة الجوية كانت مغبرة جدا أو ضباب كثيف ولم يتم تحري الهلال بالعين المجردة ولم يتم تحري الهلال بالمنظار ولم يتم تحري الهلال بالمرقب ولم يتم تحري الهلال باستخدام الكاميرا وقال عضو المشروع المهندس مارتن إليسياسر ""We had a lot of humidity in the air and the additional clouds only started to thin in the afternoon. I could barely image the crescent with the video system in the afternoon at around 6.3degrees elongation, but it was only a short piece of the arc. I hope for better skies tomorrow.""","We had a lot of humidity in the air and the additional clouds only started to thin in the afternoon. I could barely image the crescent with the video system in the afternoon at around 6.3degrees elongation, but it was only a short piece of the arc. I hope for better skies tomorrow.",,True,True,True,True,True
https://astronomycenter.net/icop/muh46.html,,,first_crescent,السبت 06 يوليو 2024,المغرب,الرباط,الرباط,بعد غروب الشمس,after_sunset,True,False,,,,True,False,False,False,غائمة كليا,مغبرة جدا أو ضباب كثيف,"2 . وقت الرصد: بعد غروب الشمس . لم تتم رؤية الهلال : ذكر عضو المشروع المهندس زكرياء كلزيم من مدينة الرباط في محافظة الرباط ان السماء (نسبة الغيم) كانت غائمة كليا والحالة الجوية كانت مغبرة جدا أو ضباب كثيف ولم تتم رؤية الهلال بالعين المجردة ولم يتم تحري الهلال بالمنظار ولم يتم تحري الهلال بالمرقب ولم يتم تحري الهلال باستخدام الكاميرا وقال عضو المشروع المهندس زكرياء كلزيم ""تمت رؤية الهلال و تصويره من طرف راقدين من مدينتي بنكرير و مكناس. كما اكدت وزارة الأوقاف والشؤون الإسلامية رؤية الهلال رؤية شرعية. ارفق هنا الصورة التي اخدها الراصد عبد المنعم الغالي من مدينة بنكرير""",تمت رؤية الهلال و تصويره من طرف راقدين من مدينتي بنكرير و مكناس. كما اكدت وزارة الأوقاف والشؤون الإسلامية رؤية الهلال رؤية شرعية. ارفق هنا الصورة التي اخدها الراصد عبد المنعم الغالي من مدينة بنكرير,,True,True,True,True,True
https://astronomycenter.net/icop/muh46.html,,,first_crescent,السبت 06 يوليو 2024,المملكة العربية السعودية,جدة,جدة,قبل غروب الشمس,before_sunset,,,,,,False,False,False,False,صافية,صافية جدا,"1 . وقت الرصد: قبل غروب الشمس . تمت الرؤية من قبل آخرين : ذكر عضو المشروع المهندس عواد محمود من مدينة جدة في محافظة جدة ان السماء (نسبة الغيم) كانت صافية والحالة الجوية كانت صافية جدا ولم يتم تحري الهلال بالعين المجردة ولم يتم تحري الهلال بالمنظار ولم يتم تحري الهلال بالمرقب ولم يتم تحري الهلال باستخدام الكاميرا وقال عضو المشروع المهندس عواد محمود ""أعلنت المملكة العربية السعودية أن يوم الاحد غرة شهر محرم الحرام هذا العام 1446 هجري الموافق 07 يوليو تموز 2024 ميلاد بعد إكمال عدة 30 يوم و يرجى الملاحظة من راصد أننا لم نبدأ رصد بعد و سيبدأ تحري هلال بعد غروب الشمس""",أعلنت المملكة العربية السعودية أن يوم الاحد غرة شهر محرم الحرام هذا العام 1446 هجري الموافق 07 يوليو تموز 2024 ميلاد بعد إكمال عدة 30 يوم و يرجى الملاحظة من راصد أننا لم نبدأ رصد بعد و سيبدأ تحري هلال بعد غروب الشمس,,True,True,True,True,True
https://astronomycenter.net/icop/jut46.html,,,first_crescent,الثلاثاء 03 ديسمبر 2024,المملكة العربية السعودية,جدة,جدة,بعد غروب الشمس,after_sunset,,,,,,False,False,False,False,صافية,صافية جدا,2 . وقت الرصد: بعد غروب الشمس . تمت الرؤية من قبل آخرين : ذكر عضو المشروع السيد هشام شريف من مدينة جدة في محافظة جدة ان السماء (نسبة الغيم) كانت صافية والحالة الجوية كانت صافية جدا ولم يتم تحري الهلال بالعين المجردة ولم يتم تحري الهلال بالمنظار ولم يتم تحري الهلال بالمرقب ولم يتم تحري الهلال باستخدام الكاميرا,,,True,True,True,True,True
https://astronomycenter.net/icop/ram46.html,,,first_crescent,الجمعة 28 فبراير 2025,الجزائر,باتنة,باتنة,بعد غروب الشمس,after_sunset,True,False,False,,,True,True,False,False,غائمة جزئيا,صافية,"1 . وقت الرصد: بعد غروب الشمس . تمت الرؤية من قبل آخرين : ذكر عضو المشروع الدكتور يونس زكور من مدينة باتنة في محافظة باتنة ان السماء (نسبة الغيم) كانت غائمة جزئيا والحالة الجوية كانت صافية ولم تتم رؤية الهلال بالعين المجردة ولم تتم رؤية الهلال بالمنظار ولم يتم تحري الهلال بالمرقب ولم يتم تحري الهلال باستخدام الكاميرا وقال عضو المشروع الدكتور يونس زكور ""بعد الصلاة والسلام على الرسول الكريم تمت رؤية الهلال بمناطق بالجنوب الجزائري (واد سوف، اليزي، برج باجي مختار) وعلية غرة رمضان تكون متوافقة مع غرة شهر مارس """,بعد الصلاة والسلام على الرسول الكريم تمت رؤية الهلال بمناطق بالجنوب الجزائري (واد سوف، اليزي، برج باجي مختار) وعلية غرة رمضان تكون متوافقة مع غرة شهر مارس,,True,True,True,True,True
https://astronomycenter.net/icop/muh45.html,,,first_crescent,الثلاثاء 18 يوليو 2023,العراق,مدينة الصدر,بغداد,بعد غروب الشمس,after_sunset,True,False,,False,,True,False,True,False,صافية,صافية,"2 . وقت الرصد: بعد غروب الشمس . لم تتم رؤية الهلال : ذكر عضو المشروع السيد حسن الساعدي من مدينة مدينة الصدر في محافظة بغداد ان السماء (نسبة الغيم) كانت صافية والحالة الجوية كانت صافية ولم تتم رؤية الهلال بالعين المجردة ولم يتم تحري الهلال بالمنظار ولم تتم رؤية الهلال بالمرقب ولم يتم تحري الهلال باستخدام الكاميرا وقال عضو المشروع السيد حسن الساعدي ""لم تتم رؤية الهلال بالعين المجردة او التلسكوب رغم المحاولات العدة لرصدة والتي امتدت من الساعة ال7 و12 دقيقة مساءا (عند غروب الشمس) والى ماقبل غروب الهلال ب 10 دقائق (حوالي الساعة 7:50م ) وكانت هناك حالة اشتباه غير اكيده من انه تمت رؤية الهلال عن طريق التلسكوب بشكل صعب جدا حوالي الساعة 7:40 مساءا لكنها ليست بأكيده بسبب ضعف مايفترض أنه الهلال والذي كان دقيقا جدا الى درجة عدم تأكدنا انه الهلال لذلك اعتبر اشتباها وفقنا الله واياكم """,لم تتم رؤية الهلال بالعين المجردة او التلسكوب رغم المحاولات العدة لرصدة والتي امتدت من الساعة ال7 و12 دقيقة مساءا (عند غروب الشمس) والى ماقبل غروب الهلال ب 10 دقائق (حوالي الساعة 7:50م ) وكانت هناك حالة اشتباه غير اكيده من انه تمت رؤية الهلال عن طريق التلسكوب بشكل صعب جدا حوالي الساعة 7:40 مساءا لكنها ليست بأكيده بسبب ضعف مايفترض أنه الهلال والذي كان دقيقا جدا الى درجة عدم تأكدنا انه الهلال لذلك اعتبر اشتباها وفقنا الله واياكم,,True,True,True,True,True
https://astronomycenter.net/icop/raj45.html,,,first_crescent,الجمعة 12 يناير 2024,الولايات المتحدة,Blacksburg,Virginia,بعد غروب الشمس,after_sunset,,,,,,False,False,False,False,غائمة كليا,مغبرة أو ضباب,"1 . وقت الرصد: بعد غروب الشمس . تمت الرؤية من قبل آخرين : ذكر عضو المشروع الدكتور جواد تورابنيجاد من مدينة Blacksburg في محافظة Virginia ان السماء (نسبة الغيم) كانت غائمة كليا والحالة الجوية كانت مغبرة أو ضباب ولم يتم تحري الهلال بالعين المجردة ولم يتم تحري الهلال بالمنظار ولم يتم تحري الهلال بالمرقب ولم يتم تحري الهلال باستخدام الكاميرا وقال عضو المشروع الدكتور جواد تورابنيجاد ""This evening (Friday, Jan 12, 2024), the crescent moon was not seen in Blacksburg, VA (Lat: 37° 15' 40"" N, Lng: 80° 26' 56"" W, and elevation: 646 meters). The sky was cloudy. A friend of mine sighted the moon in Houston, TX.""","This evening (Friday, Jan 12, 2024), the crescent moon was not seen in Blacksburg, VA (Lat: 37° 15' 40"" N, Lng: 80° 26' 56"" W, and elevation: 646 meters). The sky was cloudy. A friend of mine sighted the moon in Houston, TX.",,True,True,True,True,True
https://astronomycenter.net/icop/raj44.html,,,first_crescent,الأحد 22 يناير 2023,الولايات المتحدة,Blacksburg,Virginia,بعد غروب الشمس,after_sunset,,,,,,False,False,False,False,غائمة كليا,مغبرة جدا أو ضباب كثيف,"1 . وقت الرصد: بعد غروب الشمس . تمت الرؤية من قبل آخرين : ذكر عضو المشروع الدكتور جواد تورابنيجاد من مدينة Blacksburg في محافظة Virginia ان السماء (نسبة الغيم) كانت غائمة كليا والحالة الجوية كانت مغبرة جدا أو ضباب كثيف ولم يتم تحري الهلال بالعين المجردة ولم يتم تحري الهلال بالمنظار ولم يتم تحري الهلال بالمرقب ولم يتم تحري الهلال باستخدام الكاميرا وقال عضو المشروع الدكتور جواد تورابنيجاد ""This evening (Sunday, January 22, 2023), the crescent moon was not seen in Blacksburg, VA. The sky was completely covered by clouds. However, the crescent was sighted in Orlando, Florida and Houston, Texas (seen at 6:18 CST). The two crescent pictures are from the latter location sent by brother Mohammad H.""","This evening (Sunday, January 22, 2023), the crescent moon was not seen in Blacksburg, VA. The sky was completely covered by clouds. However, the crescent was sighted in Orlando, Florida and Houston, Texas (seen at 6:18 CST). The two crescent pictures are from the latter location sent by brother Mohammad H.",,True,True,True,True,True
https://astronomycenter.net/icop/shw43.html,,,first_crescent,الأحد 01 مايو 2022,كاميرون,Kousseri,Ext Nord,بعد غروب الشمس,after_sunset,,,,,,False,False,False,False,صافية,صافية,"1 . وقت الرصد: بعد غروب الشمس . تمت الرؤية من قبل آخرين : ذكر عضو المشروع السيد عبدالكريم فتحي من مدينة Kousseri في محافظة Ext Nord ان السماء (نسبة الغيم) كانت صافية والحالة الجوية كانت صافية ولم يتم تحري الهلال بالعين المجردة ولم يتم تحري الهلال بالمنظار ولم يتم تحري الهلال بالمرقب ولم يتم تحري الهلال باستخدام الكاميرا وقال عضو المشروع السيد عبدالكريم فتحي ""The crescent was Seen by others. And the official announcement for Eid Al Fitr. """,The crescent was Seen by others. And the official announcement for Eid Al Fitr.,,True,True,True,True,True
https://astronomycenter.net/icop/saf42.html,,,last_crescent,الأربعاء 16 سبتمبر 2020,الجزائر,كوينين,الوادي,قبل شروق الشمس,unknown,True,,,,,False,False,False,False,صافية,صافية جدا,"2 . وقت الرصد: قبل شروق الشمس . تمت رؤية الهلال : ذكر عضو المشروع السيد عبد اللطيف فارح من مدينة كوينين في محافظة الوادي ان السماء (نسبة الغيم) كانت صافية والحالة الجوية كانت صافية جدا ولم يتم تحري الهلال بالعين المجردة ولم يتم تحري الهلال بالمنظار ولم يتم تحري الهلال بالمرقب ولم يتم تحري الهلال باستخدام الكاميرا وقال عضو المشروع السيد عبد اللطيف فارح ""قام رئيس النادي الفلكي صبيحة هذا اليوم 16 سبتمبر الموافق ل 28 محرم بتحري هلال آخر شهر محرم، و كانت رؤية الهلال متاحة جدا حيث تمت رؤيته بعد أذان الفجر بفترة قصيرة.""",قام رئيس النادي الفلكي صبيحة هذا اليوم 16 سبتمبر الموافق ل 28 محرم بتحري هلال آخر شهر محرم، و كانت رؤية الهلال متاحة جدا حيث تمت رؤيته بعد أذان الفجر بفترة قصيرة.,,True,True,True,True,True
https://astronomycenter.net/icop/ram41.html,,,first_crescent,الجمعة 24 أبريل 2020,غانا,Accra,Greater Accra,بعد غروب الشمس,after_sunset,True,,,,,False,False,False,False,غائمة جزئيا,صافية,"1 . وقت الرصد: بعد غروب الشمس . تمت رؤية الهلال : ذكر عضو المشروع السيد عبد العزيز أنيانج من مدينة Accra في محافظة Greater Accra ان السماء (نسبة الغيم) كانت غائمة جزئيا والحالة الجوية كانت صافية ولم يتم تحري الهلال بالعين المجردة ولم يتم تحري الهلال بالمنظار ولم يتم تحري الهلال بالمرقب ولم يتم تحري الهلال باستخدام الكاميرا وقال عضو المشروع السيد عبد العزيز أنيانج ""Seen by many and reported on our group platform - MOON ISSUES ONLY.""",Seen by many and reported on our group platform - MOON ISSUES ONLY.,,True,True,True,True,True
https://astronomycenter.net/icop/shw41.html,,,first_crescent,السبت 23 مايو 2020,المغرب,تاوريرت,تاوريرت,بعد غروب الشمس,after_sunset,,,,,,False,False,False,False,غائمة جزئيا,صافية,"4 . وقت الرصد: بعد غروب الشمس . تمت الرؤية من قبل آخرين : ذكر عضو المشروع السيد وليد جعدار من مدينة تاوريرت في محافظة تاوريرت ان السماء (نسبة الغيم) كانت غائمة جزئيا والحالة الجوية كانت صافية ولم يتم تحري الهلال بالعين المجردة ولم يتم تحري الهلال بالمنظار ولم يتم تحري الهلال بالمرقب ولم يتم تحري الهلال باستخدام الكاميرا وقال عضو المشروع السيد وليد جعدار ""تم تحري هلال شهر شوال 1441 ولم ثتبت رؤية في منطقتي ولكن تمت رؤيته في مناطق اخرى من المملكة المغربية بصعوبة """,تم تحري هلال شهر شوال 1441 ولم ثتبت رؤية في منطقتي ولكن تمت رؤيته في مناطق اخرى من المملكة المغربية بصعوبة,,True,True,True,True,True
https://astronomycenter.net/icop/kea41.html,,,first_crescent,الإثنين 22 يونيو 2020,الجزائر,عجاجة,ورقلة,بعد غروب الشمس,after_sunset,True,,,,,False,False,False,False,صافية,صافية,"2 . وقت الرصد: بعد غروب الشمس . تمت رؤية الهلال : ذكر عضو المشروع السيد بوبكر سالم مناصري من مدينة عجاجة في محافظة ورقلة ان السماء (نسبة الغيم) كانت صافية والحالة الجوية كانت صافية ولم يتم تحري الهلال بالعين المجردة ولم يتم تحري الهلال بالمنظار ولم يتم تحري الهلال بالمرقب ولم يتم تحري الهلال باستخدام الكاميرا وقال عضو المشروع السيد بوبكر سالم مناصري ""المعطيات الفلكية ليوم 22/06/2020 الإقتران: يوم21/06/2020 على الساعة 7:45 صباحا غروب الشمس: 19:50 غروب القمر: 20:30 عمر الهلال: 36 ساعة 50 دقيقة إرتفاع الهلال: 8.0° قوس النور: 31.4° نسبة الإضاءة: 2.4℅""",المعطيات الفلكية ليوم 22/06/2020 الإقتران: يوم21/06/2020 على الساعة 7:45 صباحا غروب الشمس: 19:50 غروب القمر: 20:30 عمر الهلال: 36 ساعة 50 دقيقة إرتفاع الهلال: 8.0° قوس النور: 31.4° نسبة الإضاءة: 2.4℅,,True,True,True,True,True
https://astronomycenter.net/icop/hej41.html,,,first_crescent,الثلاثاء 21 يوليو 2020,المغرب,تاوريرت,تاوريرت,بعد غروب الشمس,after_sunset,,,,,,False,False,False,False,غائمة كليا,مغبرة أو ضباب,4 . وقت الرصد: بعد غروب الشمس . تمت الرؤية من قبل آخرين : ذكر عضو المشروع السيد وليد جعدار من مدينة تاوريرت في محافظة تاوريرت ان السماء (نسبة الغيم) كانت غائمة كليا والحالة الجوية كانت مغبرة أو ضباب ولم يتم تحري الهلال بالعين المجردة ولم يتم تحري الهلال بالمنظار ولم يتم تحري الهلال بالمرقب ولم يتم تحري الهلال باستخدام الكاميرا,,,True,True,True,True,True
https://astronomycenter.net/icop/muh40.html,,,first_crescent,الإثنين 10 سبتمبر 2018,المغرب,بنسليمان,بنسليمان,بعد غروب الشمس,after_sunset,,,,,,False,False,False,False,صافية,صافية,"2 . وقت الرصد: بعد غروب الشمس . تمت الرؤية من قبل آخرين : ذكر عضو المشروع الدكتور الحسن طالبي من مدينة بنسليمان في محافظة بنسليمان ان السماء (نسبة الغيم) كانت صافية والحالة الجوية كانت صافية ولم يتم تحري الهلال بالعين المجردة ولم يتم تحري الهلال بالمنظار ولم يتم تحري الهلال بالمرقب ولم يتم تحري الهلال باستخدام الكاميرا وقال عضو المشروع الدكتور الحسن طالبي ""رصدت الهلال بصعوبة كبيرة لوجوده في نهاية المنطقة الحمراء من الأفق. وقد رصد في مناطق أخرى من المغرب مثل طنجة في الشمال والعيون في الجنوب ( عيون الساقية الحمراء بالصحراء المغربية المسترجعة) كما أعلنت وزارة الأوقاف عن ثبوت رؤيته ثبوتا شرعيا. وبهذه المناسبة أرجو الله أن تكون سنة 1440 سنة خير وبركة ويمن على الأمة الإسلامية.""",رصدت الهلال بصعوبة كبيرة لوجوده في نهاية المنطقة الحمراء من الأفق. وقد رصد في مناطق أخرى من المغرب مثل طنجة في الشمال والعيون في الجنوب ( عيون الساقية الحمراء بالصحراء المغربية المسترجعة) كما أعلنت وزارة الأوقاف عن ثبوت رؤيته ثبوتا شرعيا. وبهذه المناسبة أرجو الله أن تكون سنة 1440 سنة خير وبركة ويمن على الأمة الإسلامية.,,True,True,True,True,True
https://astronomycenter.net/icop/ram40.html,,,first_crescent,الإثنين 06 مايو 2019,البحرين,عيسى,الجنوبية,قبل غروب الشمس,before_sunset,True,,,,,False,False,False,False,غائمة جزئيا,مغبرة أو ضباب,"1 . وقت الرصد: قبل غروب الشمس . تمت رؤية الهلال : ذكر عضو المشروع المهندس علي مجيد الحجري من مدينة عيسى في محافظة الجنوبية ان السماء (نسبة الغيم) كانت غائمة جزئيا والحالة الجوية كانت مغبرة أو ضباب ولم يتم تحري الهلال بالعين المجردة ولم يتم تحري الهلال بالمنظار ولم يتم تحري الهلال بالمرقب ولم يتم تحري الهلال باستخدام الكاميرا وقال عضو المشروع المهندس علي مجيد الحجري ""تم رصد قمر شهر رمضان المبارك بصعوبة ظهر هذا اليوم الاثنين 6 مايو 2019 في تمام الساعة (02:36) ظهراً، وكانت السحب المتوسطة والغبار منتشرة في أفق بلدي""",تم رصد قمر شهر رمضان المبارك بصعوبة ظهر هذا اليوم الاثنين 6 مايو 2019 في تمام الساعة (02:36) ظهراً، وكانت السحب المتوسطة والغبار منتشرة في أفق بلدي,,True,True,True,True,True
https://astronomycenter.net/icop/shw40.html,,,first_crescent,الثلاثاء 04 يونيو 2019,أندونيسيا,Surakarta,Central Java,بعد غروب الشمس,after_sunset,,,,,,False,False,False,False,غائمة كليا,مغبرة جدا أو ضباب كثيف,"1 . وقت الرصد: بعد غروب الشمس . تمت الرؤية من قبل آخرين : ذكر عضو المشروع السيد سوجنج رياضي من مدينة Surakarta في محافظة Central Java ان السماء (نسبة الغيم) كانت غائمة كليا والحالة الجوية كانت مغبرة جدا أو ضباب كثيف ولم يتم تحري الهلال بالعين المجردة ولم يتم تحري الهلال بالمنظار ولم يتم تحري الهلال بالمرقب ولم يتم تحري الهلال باستخدام الكاميرا وقال عضو المشروع السيد سوجنج رياضي ""The new crescent of Shawwal 1440 AH was not sighted on Tuesday, June 04, 2019 from Ngelosari Jombor Tuntang Semarang, the sky was very hazy and cloudy. The new moon was seen by BMKG from Yogyakarta and other locations in Indonesia. Happy Eid al-Fithri : Taqabbal Allaah Minnaa wa Minkum Aamiin...""","The new crescent of Shawwal 1440 AH was not sighted on Tuesday, June 04, 2019 from Ngelosari Jombor Tuntang Semarang, the sky was very hazy and cloudy. The new moon was seen by BMKG from Yogyakarta and other locations in Indonesia. Happy Eid al-Fithri : Taqabbal Allaah Minnaa wa Minkum Aamiin...",,True,True,True,True,True
https://astronomycenter.net/icop/kea40.html,,,first_crescent,الأربعاء 03 يوليو 2019,المغرب,تاوريرت,تاوريرت,بعد غروب الشمس,after_sunset,True,,,,,False,False,False,False,غائمة جزئيا,مغبرة أو ضباب,"1 . وقت الرصد: بعد غروب الشمس . تمت الرؤية من قبل آخرين : ذكر عضو المشروع السيد وليد جعدار من مدينة تاوريرت في محافظة تاوريرت ان السماء (نسبة الغيم) كانت غائمة جزئيا والحالة الجوية كانت مغبرة أو ضباب ولم يتم تحري الهلال بالعين المجردة ولم يتم تحري الهلال بالمنظار ولم يتم تحري الهلال بالمرقب ولم يتم تحري الهلال باستخدام الكاميرا وقال عضو المشروع السيد وليد جعدار ""لم تتم رؤية الهلال في الجهة الشرقية من المغرب بينما تمت رؤية الهلال بتلسكوب بمحافظة افران وتمت ايضا رؤية الهلال بالعين المجردة بمحافطة العيون جنوب المملكة .""",لم تتم رؤية الهلال في الجهة الشرقية من المغرب بينما تمت رؤية الهلال بتلسكوب بمحافظة افران وتمت ايضا رؤية الهلال بالعين المجردة بمحافطة العيون جنوب المملكة .,,True,True,True,True,True
https://astronomycenter.net/icop/hej40.html,,,first_crescent,الجمعة 02 أغسطس 2019,الإمارات,Jabal Hafeet,Abu Dhabi,قبل غروب الشمس,before_sunset,True,,,,False,False,False,False,True,صافية,صافية جدا,1 . وقت الرصد: قبل غروب الشمس . تمت رؤية الهلال : ذكر عضو المشروع المهندس محمد عودة من مدينة Jabal Hafeet في محافظة Abu Dhabi ان السماء (نسبة الغيم) كانت صافية والحالة الجوية كانت صافية جدا ولم يتم تحري الهلال بالعين المجردة ولم يتم تحري الهلال بالمنظار ولم يتم تحري الهلال بالمرقب ولم تتم رؤية الهلال باستخدام الكاميرا,,,True,True,True,True,True
https://astronomycenter.net/icop/ram39.html,,,first_crescent,الأربعاء 16 مايو 2018,نيجيريا,Bauchi,Bauchi State,بعد غروب الشمس,after_sunset,,,,,,False,False,False,False,غائمة كليا,صافية,"1 . وقت الرصد: بعد غروب الشمس . تمت الرؤية من قبل آخرين : ذكر عضو المشروع السيد عثمان دوكو من مدينة Bauchi في محافظة Bauchi State ان السماء (نسبة الغيم) كانت غائمة كليا والحالة الجوية كانت صافية ولم يتم تحري الهلال بالعين المجردة ولم يتم تحري الهلال بالمنظار ولم يتم تحري الهلال بالمرقب ولم يتم تحري الهلال باستخدام الكاميرا وقال عضو المشروع السيد عثمان دوكو ""It was cloudy in Bauchi; thus we were forced to cancel our plan to observe the crescent. However, we received credible reports from our collaborators in five other states: Gombe, Adamawa, Kaduna, Zamfara and Rivers.""","It was cloudy in Bauchi; thus we were forced to cancel our plan to observe the crescent. However, we received credible reports from our collaborators in five other states: Gombe, Adamawa, Kaduna, Zamfara and Rivers.",,True,True,True,True,True
https://astronomycenter.net/icop/saf36.html,,,first_crescent,الأحد 23 نوفمبر 2014,الولايات المتحدة,Blacksburg,VA,بعد غروب الشمس,after_sunset,,,,,,False,False,False,False,غائمة كليا,مغبرة جدا أو ضباب كثيف,"1 . وقت الرصد: بعد غروب الشمس . تمت الرؤية من قبل آخرين : ذكر عضو المشروع الدكتور جواد تورابنيجاد من مدينة Blacksburg في محافظة VA ان السماء (نسبة الغيم) كانت غائمة كليا والحالة الجوية كانت مغبرة جدا أو ضباب كثيف ولم يتم تحري الهلال بالعين المجردة ولم يتم تحري الهلال بالمنظار ولم يتم تحري الهلال بالمرقب ولم يتم تحري الهلال باستخدام الكاميرا وقال عضو المشروع الدكتور جواد تورابنيجاد ""Due to a cloudy and rainy condition, it was impossible to sight the crescent in Blacksburg. Mr. Jim Lockyer of Wildomar, CA informed me that: ""I was able to observe the crescent moon this evening after all. Following a beautiful sunset the clouds thinned out to display the moon. The moon was clearly visible without the aid of binoculars"". The pictures are related to Mr. Lockyer's sighting.""","Due to a cloudy and rainy condition, it was impossible to sight the crescent in Blacksburg. Mr. Jim Lockyer of Wildomar, CA informed me that: ""I was able to observe the crescent moon this evening after all. Following a beautiful sunset the clouds thinned out to display the moon. The moon was clearly visible without the aid of binoculars"". The pictures are related to Mr. Lockyer's sighting.",,True,True,True,True,True
https://astronomycenter.net/icop/raa36.html,,,first_crescent,الإثنين 22 ديسمبر 2014,الولايات المتحدة,Blacksburg,VA,بعد غروب الشمس,after_sunset,,,,,,False,False,False,False,غائمة كليا,مغبرة جدا أو ضباب كثيف,"1 . وقت الرصد: بعد غروب الشمس . تمت الرؤية من قبل آخرين : ذكر عضو المشروع الدكتور جواد تورابنيجاد من مدينة Blacksburg في محافظة VA ان السماء (نسبة الغيم) كانت غائمة كليا والحالة الجوية كانت مغبرة جدا أو ضباب كثيف ولم يتم تحري الهلال بالعين المجردة ولم يتم تحري الهلال بالمنظار ولم يتم تحري الهلال بالمرقب ولم يتم تحري الهلال باستخدام الكاميرا وقال عضو المشروع الدكتور جواد تورابنيجاد ""This evening, due to the presence of an overcast condition, it was impossible to sight the crescent in Blacksburg, VA. Mr. Jim Lockyer of Wildomar, CA informed me that: ""I had clear views of the new Crescent Moon this evening with the bonus of Venus in conjunction. The weather was clear and 64 degrees. I first located the moon by binoculars at 5:06 PST, located approximately 12 degrees above the Santa Ana Mountains. The first naked-eye sighting was at 5:10 PST. Fortunately we had very clear skies this evening after almost a week of cloudy skies with great sunsets. A Santa Ana winds condition is clearing out the clouds for the next few days."" ""","This evening, due to the presence of an overcast condition, it was impossible to sight the crescent in Blacksburg, VA. Mr. Jim Lockyer of Wildomar, CA informed me that: ""I had clear views of the new Crescent Moon this evening with the bonus of Venus in conjunction. The weather was clear and 64 degrees. I first located the moon by binoculars at 5:06 PST, located approximately 12 degrees above the Santa Ana Mountains. The first naked-eye sighting was at 5:10 PST. Fortunately we had very clear skies this evening after almost a week of cloudy skies with great sunsets. A Santa Ana winds condition is clearing out the clouds for the next few days.""",,True,True,True,True,True
https://astronomycenter.net/icop/ram36.html,,,first_crescent,الأربعاء 17 يونيو 2015,نيجيريا,Bauchi,Bauchi,بعد غروب الشمس,after_sunset,,,,,,False,False,False,False,غائمة كليا,صافية,"6 . وقت الرصد: بعد غروب الشمس . تمت الرؤية من قبل آخرين : ذكر عضو المشروع السيد يونس يعقوب من مدينة Bauchi في محافظة Bauchi ان السماء (نسبة الغيم) كانت غائمة كليا والحالة الجوية كانت صافية ولم يتم تحري الهلال بالعين المجردة ولم يتم تحري الهلال بالمنظار ولم يتم تحري الهلال بالمرقب ولم يتم تحري الهلال باستخدام الكاميرا وقال عضو المشروع السيد يونس يعقوب ""Asslamun Alaykum!!! a reliable information of positive Naked Eye Sighting by: - Thousands of people (Young and Old; Men, Women and Children)from Gombi Town, Gombi LGA of Adamawa State. Mallam Damina and many others from Jarmai Town, Kanam LGA of Plateau State. His Eminence the Sultan of Sokoto and Chairman Nigerian Supreme Council for Islamic Affairs (NSCIA)has declared tomorrow 18/06/2015 to be 1st of RAMADAN, 1436AH ""","Asslamun Alaykum!!! a reliable information of positive Naked Eye Sighting by: - Thousands of people (Young and Old; Men, Women and Children)from Gombi Town, Gombi LGA of Adamawa State. Mallam Damina and many others from Jarmai Town, Kanam LGA of Plateau State. His Eminence the Sultan of Sokoto and Chairman Nigerian Supreme Council for Islamic Affairs (NSCIA)has declared tomorrow 18/06/2015 to be 1st of RAMADAN, 1436AH",,True,True,True,True,True
https://astronomycenter.net/icop/jut35.html,,,first_crescent,الإثنين 31 مارس 2014,المملكة العربية السعودية,Dammam,Eastern Province,بعد غروب الشمس,after_sunset,,,,,,False,False,False,False,غائمة كليا,مغبرة أو ضباب,"3 . وقت الرصد: بعد غروب الشمس . تمت الرؤية من قبل آخرين : ذكر عضو المشروع المهندس قمر الدين من مدينة Dammam في محافظة Eastern Province ان السماء (نسبة الغيم) كانت غائمة كليا والحالة الجوية كانت مغبرة أو ضباب ولم يتم تحري الهلال بالعين المجردة ولم يتم تحري الهلال بالمنظار ولم يتم تحري الهلال بالمرقب ولم يتم تحري الهلال باستخدام الكاميرا وقال عضو المشروع المهندس قمر الدين ""On Monday 31 March 2014 (30 Jumada Al Ula/Ummul Qura), I was visiting Dammam and tried to sight the Hilal of Jumada Al Ukhra, but was unable to do so as it was totally cloudy. However, I have been told that the Madinah & Shaqra groups have been able to sight the Hilal on that evening. I also joined a group of observers on the previous day (Sunday 30 March 2014) as a local formality, but the sky was totally cloudy/dusty. The sun disappeared from the horizon well before sunset. But even if it was clear, it would *not* have been seen as the moon had set before the sun on that evening. Please see attached photo of the western horizon as an example of a typical cloudy/dusty Saudi Arabia horizon!""","On Monday 31 March 2014 (30 Jumada Al Ula/Ummul Qura), I was visiting Dammam and tried to sight the Hilal of Jumada Al Ukhra, but was unable to do so as it was totally cloudy. However, I have been told that the Madinah & Shaqra groups have been able to sight the Hilal on that evening. I also joined a group of observers on the previous day (Sunday 30 March 2014) as a local formality, but the sky was totally cloudy/dusty. The sun disappeared from the horizon well before sunset. But even if it was clear, it would *not* have been seen as the moon had set before the sun on that evening. Please see attached photo of the western horizon as an example of a typical cloudy/dusty Saudi Arabia horizon!",,True,True,True,True,True
https://astronomycenter.net/icop/hej35.html,,,first_crescent,الخميس 25 سبتمبر 2014,فرنسا,Mulhouse,Alsace,بعد غروب الشمس,after_sunset,True,,False,False,,False,True,True,False,غائمة جزئيا,مغبرة أو ضباب,1 . وقت الرصد: بعد غروب الشمس . تمت رؤية الهلال : ذكر عضو المشروع السيد من مدينة Mulhouse في محافظة Alsace ان السماء (نسبة الغيم) كانت غائمة جزئيا والحالة الجوية كانت مغبرة أو ضباب ولم يتم تحري الهلال بالعين المجردة ولم تتم رؤية الهلال بالمنظار ولم تتم رؤية الهلال بالمرقب ولم يتم تحري الهلال باستخدام الكاميرا,,,True,True,True,True,True
https://astronomycenter.net/icop/saf34.html,,,first_crescent,الجمعة 14 ديسمبر 2012,نيجيريا,Lagos,Lagos,بعد غروب الشمس,after_sunset,True,False,,,,True,False,False,False,صافية,صافية,"1 . وقت الرصد: بعد غروب الشمس . تمت رؤية الهلال : ذكر عضو المشروع السيد قمر الدين محمد من مدينة Lagos في محافظة Lagos ان السماء (نسبة الغيم) كانت صافية والحالة الجوية كانت صافية ولم تتم رؤية الهلال بالعين المجردة ولم يتم تحري الهلال بالمنظار ولم يتم تحري الهلال بالمرقب ولم يتم تحري الهلال باستخدام الكاميرا وقال عضو المشروع السيد قمر الدين محمد ""It was easily seen on the horizon.""",It was easily seen on the horizon.,,True,True,True,True,True
https://astronomycenter.net/icop/jut34.html,,,first_crescent,الخميس 11 أبريل 2013,باكستان,karachi,Sindh,بعد غروب الشمس,after_sunset,,,,,,False,False,False,False,صافية,مغبرة أو ضباب,"1 . وقت الرصد: بعد غروب الشمس . تمت الرؤية من قبل آخرين : ذكر عضو المشروع السيد علام سلطان من مدينة karachi في محافظة Sindh ان السماء (نسبة الغيم) كانت صافية والحالة الجوية كانت مغبرة أو ضباب ولم يتم تحري الهلال بالعين المجردة ولم يتم تحري الهلال بالمنظار ولم يتم تحري الهلال بالمرقب ولم يتم تحري الهلال باستخدام الكاميرا وقال عضو المشروع السيد علام سلطان ""Today (Thursday, April 11, 2013=29th Juma-dal-oola in Pakistan)Alhamdolillah, Moon was easily seen countrywide at more than 7 places. Also announced officially. Friday is 1st Juma-dath-thaniah. ""","Today (Thursday, April 11, 2013=29th Juma-dal-oola in Pakistan)Alhamdolillah, Moon was easily seen countrywide at more than 7 places. Also announced officially. Friday is 1st Juma-dath-thaniah.",,True,True,True,True,True
https://astronomycenter.net/icop/ram34.html,,,first_crescent,الثلاثاء 09 يوليو 2013,نيجيريا,Ilorin,Kwara,بعد غروب الشمس,after_sunset,True,False,,,,True,False,False,False,صافية,صافية,"4 . وقت الرصد: بعد غروب الشمس . تمت رؤية الهلال : ذكر عضو المشروع السيد قمر الدين محمد من مدينة Ilorin في محافظة Kwara ان السماء (نسبة الغيم) كانت صافية والحالة الجوية كانت صافية ولم تتم رؤية الهلال بالعين المجردة ولم يتم تحري الهلال بالمنظار ولم يتم تحري الهلال بالمرقب ولم يتم تحري الهلال باستخدام الكاميرا وقال عضو المشروع السيد قمر الدين محمد ""the new hilal was easily seen here and some other part of ilorin city, and lagos""","the new hilal was easily seen here and some other part of ilorin city, and lagos",,True,True,True,True,True
https://astronomycenter.net/icop/shw31.html,,,last_crescent,الثلاثاء 07 سبتمبر 2010,المملكة المتحدة,York,North Yorkshire,قبل شروق الشمس,unknown,,,,,,False,False,False,False,غائمة كليا,مغبرة جدا أو ضباب كثيف,"1 . وقت الرصد: قبل شروق الشمس . تمت الرؤية من قبل آخرين : ذكر عضو المشروع المهندس قمر الدين من مدينة York في محافظة North Yorkshire ان السماء (نسبة الغيم) كانت غائمة كليا والحالة الجوية كانت مغبرة جدا أو ضباب كثيف ولم يتم تحري الهلال بالعين المجردة ولم يتم تحري الهلال بالمنظار ولم يتم تحري الهلال بالمرقب ولم يتم تحري الهلال باستخدام الكاميرا وقال عضو المشروع المهندس قمر الدين ""On Tuesday 7 September 2010, it was raining all night in York and totally cloudy in the morning before sunrise so I did not see the waning crescent moon of Ramadan 1431. However, I have received a sighting report from London. Also, yesterday (6 September 2010) I received a report on my mobile phone that it was sighted in Batley and the shape was approximately 3 o'clock to 10 o'clock (i.e. right of sunrise position).""","On Tuesday 7 September 2010, it was raining all night in York and totally cloudy in the morning before sunrise so I did not see the waning crescent moon of Ramadan 1431. However, I have received a sighting report from London. Also, yesterday (6 September 2010) I received a report on my mobile phone that it was sighted in Batley and the shape was approximately 3 o'clock to 10 o'clock (i.e. right of sunrise position).",,True,True,True,True,True
